,y_test,y_pred_sklearn,residual
2656,82.0,80.5786567404617,1.421343259538304
445,36.0,36.354454376098154,-0.354454376098154
9505,23.0,23.914674464021907,-0.9146744640219069
332,10.0,14.011723519750696,-4.011723519750696
4168,54.0,50.96081712997755,3.039182870022451
2364,29.0,29.928489053402586,-0.9284890534025863
6097,29.0,30.064309712167272,-1.0643097121672724
7,42.0,37.988342540424775,4.0116574595752255
7752,82.0,80.10328875421655,1.8967112457834503
4453,56.0,52.5403797045855,3.4596202954145028
4743,39.0,38.30476928659075,0.6952307134092521
6243,66.0,66.88424673346145,-0.8842467334614525
3126,28.0,24.852349595098595,3.1476504049014054
4056,57.0,56.44257690088964,0.557423099110359
5852,55.0,54.15819728712324,0.8418027128767633
628,26.0,29.92600753070866,-3.9260075307086595
8545,40.0,39.327468805907536,0.6725311940924641
2481,69.0,63.99128027756826,5.008719722431742
9743,53.0,49.99453879337974,3.005461206620261
1335,74.0,74.71620517395323,-0.7162051739532274
2683,40.0,34.6360700412128,5.363929958787203
4566,85.0,85.45823980976468,-0.4582398097646774
2514,44.0,42.89652881524888,1.1034711847511218
9353,67.0,64.69154220883107,2.3084577911689337
1907,33.0,31.83100879488331,1.16899120511669
2802,52.0,55.3534184667516,-3.3534184667515987
6890,28.0,28.897825387185236,-0.897825387185236
784,12.0,13.276207682070819,-1.2762076820708188
9489,63.0,60.64346461386136,2.3565353861386384
6893,92.0,92.28801750937109,-0.2880175093710875
4110,22.0,26.007340453985996,-4.0073404539859965
7641,70.0,69.09314212006981,0.9068578799301861
8573,41.0,43.629429481109646,-2.6294294811096464
9201,82.0,79.26825396068921,2.731746039310792
5241,61.0,62.55759810162588,-1.557598101625878
1927,63.0,64.28003133452412,-1.280031334524125
6292,67.0,63.589829143162184,3.4101708568378157
8081,38.0,34.609828078196436,3.3901719218035637
6710,63.0,63.32171714482687,-0.3217171448268701
4757,49.0,49.101129512120856,-0.10112951212085619
546,65.0,68.41600077012146,-3.4160007701214568
3042,45.0,44.16970237579313,0.8302976242068709
1859,84.0,84.57789136991937,-0.5778913699193708
5125,30.0,31.73645288442369,-1.7364528844236915
8288,47.0,44.21749754480499,2.782502455195008
3085,82.0,83.09994334415919,-1.0999433441591862
2374,68.0,68.57546158901943,-0.5754615890194259
6408,53.0,52.80901128173962,0.19098871826037822
6799,58.0,57.87469170151308,0.12530829848692093
6912,79.0,82.22207642700783,-3.222076427007835
8770,51.0,47.7946553501721,3.2053446498279
8205,78.0,78.93523705391553,-0.9352370539155288
5339,79.0,73.64270938411184,5.357290615888161
4857,51.0,53.10534055590242,-2.1053405559024228
9835,43.0,42.05496360101473,0.9450363989852733
4684,20.0,22.30743620020384,-2.3074362002038384
4387,49.0,52.25424381944875,-3.254243819448753
1947,52.0,51.35678564017699,0.6432143598230127
7979,80.0,80.23662789028731,-0.23662789028730913
2129,66.0,65.5214803078454,0.478519692154606
6906,36.0,35.484165676153744,0.5158343238462564
7899,84.0,85.3973837993392,-1.3973837993391953
4280,29.0,28.527579261183355,0.4724207388166448
3983,75.0,77.25303414175826,-2.2530341417582633
5368,69.0,70.06346935468048,-1.0634693546804783
6064,65.0,62.86594042070215,2.1340595792978476
3453,43.0,42.898096190567834,0.10190380943216581
3105,56.0,56.593939923761845,-0.5939399237618446
3676,24.0,23.85525217979022,0.14474782020977983
6517,43.0,40.048755725484504,2.9512442745154956
6415,45.0,45.33383882720644,-0.3338388272064421
3076,23.0,23.416065616273144,-0.4160656162731442
2903,58.0,58.785210722198435,-0.7852107221984355
8945,45.0,45.19148774773493,-0.19148774773493216
5335,60.0,60.0609994545618,-0.060999454561802224
3328,75.0,71.93085546993328,3.0691445300667226
2742,65.0,66.34802273679082,-1.3480227367908242
9403,24.0,23.581657557248256,0.4183424427517437
4775,86.0,85.58400072862847,0.4159992713715326
4745,63.0,64.55467375356622,-1.5546737535662203
4172,57.0,57.0562470685934,-0.05624706859340023
7708,84.0,80.91820406794213,3.0817959320578723
5739,33.0,33.03131330008866,-0.03131330008866229
6521,36.0,31.93965997432064,4.060340025679359
6088,25.0,27.919919935367588,-2.919919935367588
6816,31.0,32.018673520672756,-1.0186735206727562
749,69.0,69.99060029934157,-0.9906002993415655
3484,32.0,36.434382069825226,-4.434382069825226
799,93.0,91.78952894181145,1.2104710581885456
5850,15.0,19.1684305307897,-4.168430530789699
2315,49.0,50.62884801970406,-1.6288480197040585
516,83.0,82.81772270791015,0.1822772920898501
5072,36.0,38.071790914483365,-2.0717909144833655
2443,60.0,61.17067666713127,-1.1706766671312678
9579,65.0,65.90085865743714,-0.9008586574371407
8994,41.0,37.847425187147046,3.1525748128529543
1582,61.0,59.73046407048208,1.2695359295179216
444,77.0,79.00262348504779,-2.002623485047792
3705,37.0,38.68650887868727,-1.6865088786872704
641,31.0,32.07809580490444,-1.078095804904443
2661,35.0,34.87545855383784,0.12454144616216212
9220,29.0,27.92893187876831,1.07106812123169
6022,33.0,32.290834417020925,0.7091655829790753
7165,67.0,61.147556085816795,5.852443914183205
981,57.0,55.98680017676488,1.0131998232351194
8300,47.0,47.636242327774276,-0.6362423277742764
8910,32.0,33.70845465003698,-1.7084546500369768
9740,54.0,59.00004492731522,-5.000044927315223
6993,94.0,91.46304245574461,2.5369575442553867
1860,59.0,54.52191299241833,4.478087007581671
3554,66.0,67.4345793680458,-1.434579368045803
9270,32.0,30.226372333948312,1.7736276660516879
5515,50.0,52.622394352450335,-2.6223943524503355
1599,90.0,89.26576081542004,0.7342391845799625
920,70.0,70.26772424107759,-0.2677242410775875
9493,83.0,81.60435736129119,1.3956426387088072
905,85.0,88.04834657078823,-3.048346570788226
723,63.0,69.99713072004837,-6.997130720048375
8862,62.0,65.91940212305738,-3.919402123057381
5505,64.0,62.917784487726884,1.082215512273116
2860,61.0,61.75979252732677,-0.7597925273267734
8914,37.0,40.07499768850085,-3.0749976885008508
494,26.0,24.189316883064024,1.8106831169359765
9629,41.0,42.58870607499143,-1.5887060749914284
7252,80.0,83.22975316103589,-3.2297531610358874
2759,97.0,94.76554447313356,2.2344555268664408
2198,31.0,31.386845817042364,-0.38684581704236365
5327,45.0,45.86601392586417,-0.8660139258641735
9106,41.0,44.52035723967462,-3.520357239674617
4233,90.0,89.26824233811396,0.7317576618860357
2190,31.0,29.247432454566564,1.7525675454334362
2158,27.0,28.66339991994805,-1.6633999199480485
4800,27.0,27.246827483432142,-0.246827483432142
9583,57.0,58.447230770036946,-1.4472307700369456
1087,55.0,51.88647921614078,3.1135207838592223
1738,27.0,27.673880721846608,-0.6738807218466079
369,77.0,73.78401266708318,3.215987332916825
221,62.0,62.55354920361301,-0.5535492036130094
1660,69.0,74.28106750844904,-5.281067508449041
5007,73.0,75.14625951388041,-2.146259513880409
5858,74.0,72.30906574283571,1.6909342571642867
2921,81.0,78.4639179656833,2.5360820343167063
4646,41.0,43.91321749267765,-2.913217492677653
3951,19.0,21.632776372949436,-2.6327763729494364
7126,60.0,56.190007266661844,3.809992733338156
2929,44.0,44.18785991171975,-0.18785991171974814
8084,68.0,69.17463718911583,-1.1746371891158276
1680,46.0,48.210215122491924,-2.210215122491924
5834,51.0,47.820377734369636,3.179622265630364
6304,61.0,63.89921925873862,-2.8992192587386185
1871,35.0,33.186725220973734,1.8132747790262655
1217,37.0,33.01224161678706,3.9877583832129417
2401,58.0,61.98259087934412,-3.982590879344123
6705,46.0,46.54458900200627,-0.5445890020062691
7000,30.0,30.521653811610967,-0.5216538116109675
7048,52.0,51.819092785008515,0.18090721499148543
4422,70.0,67.44110978875258,2.558890211247416
5997,94.0,94.15683735081765,-0.1568373508176535
5604,71.0,71.62748956518092,-0.6274895651809231
2055,62.0,61.74568388941301,0.25431611058699133
6218,22.0,24.070086384907007,-2.0700863849070075
2246,62.0,63.08573767120678,-1.085737671206779
3396,36.0,38.81331759405125,-2.8133175940512487
5992,59.0,60.95035983780782,-1.9503598378078166
6072,60.0,59.28630109264113,0.713698907358868
6136,60.0,53.06759175785539,6.932408242144611
2492,28.0,27.51493948176745,0.4850605182325509
7519,38.0,38.496362630203926,-0.4963626302039259
741,39.0,41.11728846993804,-2.117288469938039
2752,46.0,48.11161031401944,-2.111610314019437
5574,22.0,23.166097784928432,-1.1660977849284322
2357,60.0,60.8376597603576,-0.837659760357603
2977,80.0,78.82148917996517,1.1785108200348304
7363,90.0,90.61494682080365,-0.6149468208036524
3305,26.0,28.41083028572026,-2.410830285720259
5243,26.0,29.783656451237178,-3.783656451237178
2024,67.0,66.40130053000934,0.5986994699906631
613,40.0,43.21295556141485,-3.2129555614148515
1221,31.0,32.53935515323584,-1.5393551532358387
6588,85.0,81.9318916438582,3.0681083561418063
5333,33.0,31.989022518651474,1.010977481348526
6114,62.0,62.02633715034312,-0.026337150343117344
8507,56.0,54.96514845394827,1.0348515460517334
926,41.0,42.19326578247334,-1.1932657824733397
1555,28.0,29.94820059571213,-1.9482005957121302
2013,40.0,40.91003248202821,-0.9100324820282069
2943,74.0,73.14161901366916,0.8583809863308431
4357,52.0,51.71592422977783,0.28407577022216657
451,82.0,80.99316871628136,1.0068312837186397
8302,54.0,50.340616541566995,3.6593834584330054
8973,47.0,46.5627465379329,0.4372534620670976
7336,75.0,77.04734552916739,-2.047345529167387
7437,25.0,22.582078619245955,2.417921380754045
2243,74.0,78.35670051243972,-4.356700512439716
4880,74.0,75.02206597033558,-1.022065970335575
1130,68.0,69.64347475465416,-1.6434747546541644
449,21.0,22.228422653851744,-1.2284226538517444
9055,52.0,51.17316981240044,0.8268301875995618
761,61.0,58.273661313225226,2.726338686774774
3269,53.0,51.55241451286698,1.4475854871330185
7399,53.0,53.01326616813673,-0.013266168136730982
1578,40.0,41.44077385449217,-1.4407738544921713
3732,32.0,32.56495725724424,-0.5649572572442381
6859,68.0,68.61829371264346,-0.6182937126434638
3852,85.0,82.9641226853945,2.0358773146055
5960,54.0,52.17523027309665,1.824769726903348
2467,65.0,66.20162275930645,-1.2016227593064457
4329,57.0,55.98275127875201,1.017248721247988
9322,38.0,36.42837122793723,1.5716287720627733
7937,43.0,41.84365871509201,1.1563412849079882
919,49.0,49.268168548225766,-0.2681685482257663
7622,77.0,76.82951022253786,0.17048977746213723
3563,43.0,42.9901572093975,0.009842790602498042
5541,30.0,29.233323816652813,0.7666761833471867
2612,62.0,62.46448928629608,-0.4644892862960788
1038,67.0,69.77981499223765,-2.7798149922376467
207,65.0,64.4957796870159,0.5042203129841027
1077,99.0,97.60025672148433,1.3997432785156718
7006,73.0,73.27090925172706,-0.27090925172706193
798,85.0,88.4055318553765,-3.405531855376495
4253,65.0,68.90547739428038,-3.905477394280382
5799,90.0,85.45823980976468,4.541760190235323
3564,86.0,88.39651991197576,-2.3965199119757585
3277,29.0,27.61302471142114,1.38697528857886
6253,64.0,63.311137826107206,0.6888621738927938
2280,81.0,84.78619515432936,-3.786195154329363
6391,41.0,36.96969191912087,4.030308080879131
8853,19.0,20.62013659353353,-1.6201365935335303
758,77.0,78.36427872964666,-1.3642787296466565
5691,71.0,70.46596828558671,0.5340317144132882
2725,100.0,98.1505893560687,1.849410643931293
3522,24.0,23.73458795543943,0.2654120445605699
5748,48.0,48.37475926696688,-0.37475926696688333
6854,40.0,39.5698584200453,0.43014157995470015
7053,37.0,34.641033086600636,2.358966913399364
7476,84.0,84.72024244939087,-0.7202424493908666
7680,60.0,57.77008942008862,2.229910579911383
6880,47.0,45.05566708897026,1.9443329110297398
4892,70.0,69.38842359773247,0.6115764022675307
5512,51.0,50.4191105091003,0.5808894908997004
5915,75.0,77.73598034521035,-2.7359803452103506
5090,24.0,20.946623079600386,3.0533769203996144
3096,44.0,45.63811887933378,-1.6381188793337813
2346,42.0,43.74617845657273,-1.7461784565727285
9913,26.0,30.11119073380417,-4.111190733804172
1127,72.0,69.65000517536097,2.349994824639026
3429,59.0,62.27382345899391,-3.2738234589939097
1633,39.0,35.69142166406359,3.30857833593641
6979,40.0,40.0397437820838,-0.039743782083796475
2667,53.0,51.65101932133948,1.3489806786605172
1545,71.0,69.00916552832985,1.990834471670155
6120,50.0,48.580447879557774,1.4195521204422263
2056,73.0,75.62815792083236,-2.628157920832365
5918,65.0,66.65739948343119,-1.6573994834311918
774,46.0,43.302028847667835,2.6979711523321654
8742,60.0,62.566610045026614,-2.5666100450266143
4612,84.0,83.88220655435077,0.11779344564922667
9261,40.0,36.22621193454042,3.773788065459577
3920,43.0,37.317731611183255,5.682268388816745
8777,69.0,66.30779241604986,2.692207583950136
1482,80.0,78.07447987619065,1.9255201238093491
7718,35.0,37.66485715587064,-2.664857155870642
1333,75.0,76.01759601032501,-1.0175960103250077
2253,46.0,48.862668515806824,-2.862668515806824
3539,87.0,85.25098382185482,1.7490161781451832
6508,41.0,40.467316599317066,0.5326834006829344
3229,78.0,75.10604256207552,2.8939574379244846
5460,72.0,70.99566186155053,1.0043381384494694
3394,33.0,33.77884218268198,-0.7788421826819771
572,40.0,40.4376655972958,-0.4376655972957977
1211,68.0,66.11712658874768,1.8828734112523193
209,33.0,34.32917481726634,-1.3291748172663418
6590,52.0,50.74807851786107,1.2519214821389326
9181,43.0,41.944745046258426,1.0552549537415743
1841,76.0,74.59187798128318,1.4081220187168242
481,41.0,37.19197069231942,3.8080293076805773
3746,47.0,46.94604013641234,0.05395986358765725
8266,77.0,69.88598464898106,7.114015351018935
3913,47.0,45.53704591710339,1.4629540828966086
9666,61.0,60.76021358932447,0.23978641067552786
8340,68.0,72.30658422014181,-4.306584220141815
415,59.0,57.51098936515404,1.489010634845961
3661,64.0,64.30210411933845,-0.30210411933845194
8253,70.0,66.64329084551744,3.3567091544825587
7723,36.0,33.05090456220905,2.9490954377909517
2096,56.0,53.120483621380295,2.879516378619705
5764,19.0,20.872706227761313,-1.872706227761313
3729,49.0,45.96056983632379,3.039430163676208
8236,49.0,44.03088061551572,4.96911938448428
2265,36.0,34.24467864670759,1.755321353292409
1252,68.0,63.48470728291894,4.51529271708106
8445,36.0,39.282155159589585,-3.2821551595895855
7005,45.0,42.73602019985075,2.263979800149251
9275,71.0,75.9078970343875,-4.907897034387503
1799,46.0,44.09983442196694,1.9001655780330609
923,29.0,30.792247332640194,-1.7922473326401942
8038,39.0,43.79149210289068,-4.791492102890679
8732,19.0,18.030029832509975,0.9699701674900254
2369,77.0,75.69110952425814,1.3088904757418618
7720,71.0,72.57822553767119,-1.5782255376711873
1066,34.0,34.52036886224986,-0.5203688622498603
7953,77.0,76.15889929329632,0.8411007067036849
8333,63.0,61.2481228381644,1.7518771618356013
2363,68.0,67.39434904730484,0.6056509526951572
4810,69.0,70.53492209203796,-1.5349220920379594
1301,64.0,66.66288210763784,-2.6628821076378415
4145,67.0,69.62440307135256,-2.6244030713525603
4511,75.0,76.10810302277173,-1.1081030227717292
2399,67.0,67.33754193489224,-0.3375419348922435
5198,35.0,35.41273034700858,-0.41273034700858346
5559,78.0,77.80493415166157,0.19506584833843021
9490,46.0,45.94097857420339,0.059021425796608185
264,41.0,42.624887497719506,-1.6248874977195058
2432,42.0,43.40062028720428,-1.4006202872042834
6908,50.0,51.121325745375664,-1.121325745375664
765,24.0,24.742131040342308,-0.7421310403423078
3134,62.0,63.81367529167971,-1.8136752916797079
748,77.0,74.92594268455696,2.074057315443042
6995,65.0,64.53103359343294,0.4689664065670627
7867,63.0,63.06509861258622,-0.06509861258621896
6630,79.0,78.53783481752234,0.46216518247766203
9520,36.0,37.79662891662246,-1.7966289166224598
8380,52.0,50.92060017817263,1.0793998218273728
7550,68.0,68.28174748667573,-0.2817474866757266
2970,81.0,78.60770277134853,2.392297228651472
4620,26.0,25.055556684995558,0.9444433150044418
7230,58.0,60.001057591511305,-2.001057591511305
4819,73.0,74.15020989507218,-1.1502098950721802
6287,42.0,40.02720251948899,1.9727974805110122
9017,79.0,79.62543924527748,-0.6254392452774766
5991,63.0,64.98825741268749,-1.9882574126874886
6861,45.0,45.62402361035607,-0.624023610356069
567,59.0,56.82431649298616,2.1756835070138365
4204,31.0,31.14838482072833,-0.1483848207283316
6007,84.0,85.76906365153485,-1.7690636515348501
8310,59.0,57.365637184169806,1.634362815830194
5081,55.0,59.50505054664561,-4.505050546645613
4341,37.0,37.838413243746324,-0.8384132437463236
3835,74.0,69.36282149372406,4.637178506275944
9247,83.0,79.48961858651279,3.5103814134872096
9576,40.0,37.23780391745617,2.7621960825438308
3530,98.0,95.94117439064152,2.058825609358479
1004,34.0,38.4883851143673,-4.488385114367297
9064,78.0,78.01310428694637,-0.013104286946372667
9000,27.0,30.937599513624413,-3.937599513624413
7998,47.0,43.626947958415734,3.373052041584266
14,68.0,65.89732933824305,2.102670661756946
1338,43.0,43.89009691136318,-0.8900969113631803
5988,50.0,49.7007044108469,0.29929558915309684
7169,69.0,70.86088899928598,-1.8608889992859758
156,31.0,34.4997298036293,-3.4997298036293003
5247,73.0,70.86637162349263,2.1336283765073745
9944,69.0,69.63746391276618,-0.6374639127661794
5078,82.0,80.86988932011147,1.1301106798885314
3104,37.0,33.6063205223704,3.393679477629597
646,34.0,36.280537524259096,-2.2805375242590955
6419,16.0,17.131523856738056,-1.131523856738056
4853,71.0,72.950025670056,-1.950025670055993
9628,25.0,25.292463674926665,-0.29246367492666536
9880,56.0,54.22010109404888,1.7798989059511214
9631,70.0,68.6932583609827,1.3067416390173037
7868,31.0,30.932116889417763,0.06788311058223684
6371,23.0,25.577165833869643,-2.5771658338696426
3103,47.0,46.14222372022524,0.857776279774761
7425,47.0,48.51554297111942,-1.515542971119423
7473,70.0,73.02747184108915,-3.0274718410891523
5020,75.0,76.11215192078461,-1.112151920784612
893,21.0,22.44873948317519,-1.4487394831751885
5975,49.0,45.60691387092958,3.3930861290704186
9744,66.0,69.9895525028414,-3.9895525028414056
9814,50.0,49.32249413794445,0.677505862055547
9509,14.0,15.28489708029496,-1.2848970802949609
9514,76.0,71.80757607376339,4.192423926236614
19,63.0,60.21484400012793,2.7851559998720674
1880,51.0,52.63753741792819,-1.6375374179281934
2078,66.0,68.0739719199471,-2.0739719199470983
9022,55.0,54.703047297500966,0.29695270249903416
7309,79.0,76.64837591745524,2.3516240825447596
5386,89.0,92.42135664544185,-3.421356645441847
6024,47.0,44.39759742232352,2.6024025776764788
4025,70.0,70.4971732939909,-0.4971732939908975
9369,75.0,76.57694058831007,-1.576940588310066
4418,62.0,64.31216385923932,-2.3121638592393197
1214,75.0,74.30314029326337,0.6968597067366318
4680,52.0,53.3226429147771,-1.3226429147770986
3846,52.0,53.63098523385336,-1.6309852338533588
4849,85.0,86.50706101190866,-1.507061011908661
1809,74.0,71.82311843787093,2.1768815621290685
1283,59.0,60.256108748433014,-1.2561087484330145
5795,59.0,55.592927259565776,3.4070727404342236
4364,43.0,45.15518604481773,-2.1551860448177322
7361,24.0,24.743178836842446,-0.7431788368424463
2106,66.0,66.31184131406275,-0.31184131406274673
2088,55.0,59.935238535698,-4.935238535697998
2513,75.0,76.09909107937102,-1.0990910793710214
8830,73.0,75.74843621548953,-2.7484362154895337
1033,26.0,22.965372217725395,3.0346277822746046
8090,64.0,65.17840366117085,-1.1784036611708473
8550,62.0,64.27193353849836,-2.2719335384983594
7308,73.0,71.6913466771191,1.3086533228809003
8125,89.0,92.92139921938437,-3.9213992193843694
4044,43.0,46.206609049844765,-3.206609049844765
8315,27.0,26.095365943738813,0.9046340562611874
2906,70.0,71.82311843787093,-1.8231184378709315
888,56.0,60.730043008484394,-4.730043008484394
6410,70.0,65.1175476507454,4.882452349254606
5265,33.0,37.097934360678614,-4.0979343606786145
2673,71.0,71.22002758888684,-0.22002758888683616
3710,69.0,66.43851638030154,2.561483619698464
4228,46.0,47.160874341529144,-1.1608743415291443
1542,65.0,64.06624492590748,0.9337550740925167
7241,39.0,38.800256752637644,0.19974324736235616
4146,81.0,82.23618506492159,-1.2361850649215853
276,35.0,34.985677108594125,0.014322891405875282
5701,37.0,37.63768767654329,-0.6376876765432868
7961,47.0,44.38701810360384,2.612981896396157
7924,35.0,38.47677136808351,-3.4767713680835115
7733,24.0,23.387462410752022,0.6125375892479781
4399,84.0,79.09365007631337,4.9063499236866335
2891,52.0,52.54194707990445,-0.5419470799044532
6723,60.0,58.989985187414355,1.010014812585645
664,77.0,77.25603524327099,-0.25603524327098626
7932,26.0,27.547072006482644,-1.5470720064826438
4504,37.0,38.40180671974429,-1.4018067197442932
2027,40.0,43.69290066335423,-3.69290066335423
4137,46.0,47.00193310144997,-1.0019331014499713
3284,51.0,49.86524855532185,1.1347514446781517
8939,92.0,93.2710062867657,-1.2710062867656973
2014,49.0,48.453639164193795,0.5463608358062046
2179,41.0,39.68112477130173,1.3188752286982677
8661,67.0,64.08583618802788,2.9141638119721165
2282,46.0,44.99977412393263,1.0002258760673683
9793,40.0,41.76373102136494,-1.76373102136494
9513,68.0,65.80525495047735,2.194745049522652
9163,76.0,74.95467953920328,1.0453204607967166
4616,82.0,81.48512686313418,0.5148731368658162
8916,67.0,62.8010355122638,4.198964487736198
5503,39.0,37.37715389541494,1.622846104585058
7362,23.0,24.049447326286447,-1.0494473262864474
6297,24.0,23.447270624677337,0.552729375322663
3513,41.0,41.99410759058926,-0.9941075905892589
3902,24.0,25.76130124046501,-1.7613012404650092
5113,63.0,61.52784858278351,1.4721514172164873
797,41.0,40.861189516516184,0.13881048348381597
2691,87.0,83.4535993095534,3.546400690446603
5500,21.0,21.0875404328781,-0.0875404328781002
7408,32.0,28.909318853279878,3.0906811467201223
6642,83.0,82.07972534753634,0.9202746524636609
6219,84.0,86.3193962861192,-2.3193962861192006
1538,68.0,65.99436677139661,2.0056332286033864
1967,64.0,66.57342289169122,-2.573422891691223
5075,47.0,50.08804690733921,-3.088046907339212
5649,59.0,58.40948197198991,0.5905180280100879
1285,57.0,62.85889042117653,-5.8588904211765325
4121,35.0,31.679126193192296,3.320873806807704
9254,36.0,34.72004663295274,1.2799533670472627
6554,61.0,60.60480166843937,0.39519833156062845
5798,48.0,46.56822916213955,1.431770837860448
2199,47.0,48.66089515210363,-1.6608951521036275
9735,47.0,50.34819475877395,-3.34819475877395
8995,98.0,96.19517775106306,1.8048222489369437
9187,23.0,26.236669226710156,-3.2366692267101556
6612,69.0,67.60265283171483,1.3973471682851653
8756,43.0,41.46441401462544,1.53558598537456
360,85.0,82.6829498456456,2.317050154354405
2455,66.0,65.6512901247221,0.34870987527790476
5626,78.0,74.93756979977681,3.06243020022319
3743,78.0,82.02644755431783,-4.026447554317826
3989,69.0,71.27187165591158,-2.271871655911582
2167,46.0,48.08600821001102,-2.0860082100110233
4374,51.0,52.72608248649981,-1.7260824864998128
1271,28.0,30.064309712167272,-2.0643097121672724
5140,42.0,42.758226633790265,-0.7582266337902652
6397,93.0,88.32260306013669,4.677396939863314
4690,44.0,43.34877622017954,0.6512237798204623
1652,40.0,41.4568357974185,-1.4568357974184991
2573,44.0,44.08925510324726,-0.08925510324726105
6496,51.0,50.327555700153404,0.672444299846596
2886,74.0,71.55500643953562,2.4449935604643827
7842,70.0,70.81309383027411,-0.8130938302741129
730,79.0,77.85925974138024,1.1407402586197577
6749,81.0,79.56105391565794,1.4389460843420636
5569,44.0,43.31104079106854,0.6889592089314576
6029,72.0,74.00289577021286,-2.0028957702128594
7854,46.0,43.38755944579069,2.612440554209307
681,73.0,69.76270525281117,3.2372947471888267
1041,57.0,55.847978416487486,1.1520215835125143
8639,26.0,25.75881971777109,0.24118028222891041
2688,17.0,18.841944044722844,-1.841944044722844
3683,71.0,67.0382115592167,3.9617884407832946
6644,33.0,33.36028130884943,-0.3602813088494301
1556,50.0,48.18657496235864,1.813425037641359
3552,29.0,31.775236110034832,-2.7752361100348324
2464,59.0,59.39639936720827,-0.39639936720826796
977,80.0,82.66635968503792,-2.666359685037918
7468,59.0,50.882851380125594,8.117148619874406
3841,82.0,83.74638589558612,-1.7463858955861156
3872,54.0,54.8443505804723,-0.8443505804723017
4030,79.0,79.87696108300511,-0.8769610830051136
7762,50.0,50.55793226937771,-0.5579322693777087
8926,49.0,47.84101679299018,1.1589832070098183
1434,39.0,40.125274380206655,-1.1252743802066547
7578,72.0,75.76254485340328,-3.762544853403284
6531,72.0,73.07671410523082,-1.0767141052308205
7585,45.0,45.04508777025058,-0.04508777025058208
4832,64.0,61.522765257206494,2.477234742793506
3460,52.0,50.337615440054286,1.662384559945714
31,36.0,35.459477719520315,0.540522280479685
4207,70.0,71.76631132545833,-1.7663113254583322
8008,42.0,44.99572522591975,-2.995725225919749
8602,61.0,61.85029953977351,-0.8502995397735091
4384,50.0,50.51261862305976,-0.5126186230597582
304,39.0,36.0978358438575,2.902164156142497
2837,61.0,58.44213407552392,2.557865924476083
9402,53.0,52.070627991672204,0.9293720083277961
3534,47.0,47.88776416550191,-0.8877641655019133
2270,57.0,58.43560365481709,-1.4356036548170934
4239,59.0,61.70037024309507,-2.7003702430950725
2416,64.0,61.327123015580476,2.672876984419524
6664,24.0,20.64990787574395,3.350092124256051
7693,37.0,38.21518979045501,-1.2151897904550069
3281,36.0,35.65367286601654,0.3463271339834577
3765,51.0,47.795703146672246,3.2042968533277545
9286,47.0,46.662385773969525,0.33761422603047464
5346,67.0,67.8123903423186,-0.8123903423185936
5951,66.0,69.15804702850815,-3.1580470285081503
4307,55.0,53.19440047321937,1.8055995267806324
4367,61.0,58.02514057701031,2.974859422989688
9025,67.0,70.19380738923851,-3.193807389238515
2060,24.0,28.015909572020988,-4.015909572020988
2506,86.0,89.53492061025548,-3.534920610255483
1593,41.0,41.054865084193615,-0.05486508419361513
7803,45.0,43.33571537876593,1.6642846212340672
9643,45.0,46.609493910444606,-1.6094939104446055
3980,42.0,41.96185478568491,0.03814521431508666
7029,72.0,73.65420285020647,-1.6542028502064738
3416,68.0,70.61641716108397,-2.616417161083973
5811,25.0,22.83608197966751,2.1639180203324884
20,71.0,72.46957435823387,-1.4695743582338707
1813,43.0,40.51759329102284,2.482406708977159
1313,57.0,58.21776834818758,-1.2177683481875832
7474,33.0,32.40849753985899,0.5915024601410082
9115,56.0,52.289377445676685,3.710622554323315
2235,73.0,75.23833390164614,-2.2383339016461434
3029,58.0,56.75196701646606,1.248032983533939
9157,40.0,39.20875788656932,0.7912421134306769
3527,76.0,79.71894735923695,-3.7189473592369495
372,82.0,81.06565184192667,0.9343481580733339
4836,62.0,64.9998711589713,-2.9998711589713025
4870,70.0,71.07467540790262,-1.0746754079026175
6812,60.0,59.65301789944893,0.3469821005510667
9372,17.0,17.538071685657165,-0.5380716856571652
3998,82.0,81.41016221479495,0.5898377852050487
6367,71.0,73.50388762383443,-2.50388762383443
8066,57.0,57.624737239104384,-0.624737239104384
9553,64.0,66.24693640562438,-2.246936405624382
384,68.0,68.69469208717646,-0.6946920871764632
3850,64.0,63.48365948641878,0.5163405135812198
188,72.0,71.08773624931624,0.9122637506837634
3759,78.0,78.7641624887338,-0.7641624887338025
7653,31.0,34.77189069997748,-3.771890699977483
320,44.0,45.18390953052799,-1.1839095305279912
4927,31.0,31.917587189506314,-0.9175871895063139
6865,25.0,24.133423918026395,0.866576081973605
8074,41.0,42.3969924511891,-1.3969924511890994
498,48.0,49.73190941925109,-1.7319094192510889
7001,77.0,73.92388222386074,3.076117776139256
9395,48.0,47.90592170142855,0.09407829857145344
1309,67.0,67.8123903423186,-0.8123903423185936
5752,90.0,89.25269997400645,0.7473000259935532
1838,87.0,87.82959711678373,-0.8295971167837308
7041,86.0,83.71008419266886,2.289915807331141
7586,60.0,61.147556085816795,-1.1475560858167952
805,28.0,24.80050552807385,3.199494471926151
7081,54.0,53.58174296971168,0.4182570302883235
3363,67.0,66.55122982668777,0.44877017331222646
6044,32.0,31.252072954777823,0.7479270452221769
6548,53.0,55.31723704402351,-2.317237044023507
2163,68.0,70.49208996841392,-2.4920899684139215
4913,83.0,83.97023204410362,-0.970232044103625
3744,46.0,46.67139771737025,-0.6713977173702474
9396,32.0,33.15955574164639,-1.1595557416463933
9656,69.0,69.48048461656211,-0.4804846165621086
5091,65.0,62.70399807911026,2.2960019208897435
2652,48.0,46.578288902040434,1.421711097959566
2249,15.0,15.032327446067178,-0.0323274460671783
5178,28.0,30.319880447907785,-2.319880447907785
4323,28.0,29.849609156175674,-1.8496091561756742
9131,37.0,36.61303485221392,0.3869651477860785
8676,66.0,71.85028791719827,-5.850287917198273
9289,37.0,35.9620151850928,1.0379848149071975
4076,47.0,50.484015417538636,-3.484015417538636
2236,72.0,76.11763454499126,-4.117634544991262
1893,40.0,39.95576719034384,0.04423280965615817
5817,35.0,38.19455073183446,-3.194550731834461
9144,52.0,50.81546494899333,1.1845350510066694
6755,66.0,65.5839036935898,0.41609630641019635
8931,28.0,31.62127128427955,-3.621271284279551
8319,42.0,45.472660587483865,-3.4726605874838654
1974,39.0,37.297092552562695,1.7029074474373047
8596,64.0,64.74586779854974,-0.7458677985497388
1449,64.0,67.62119629733508,-3.621196297335075
4725,82.0,82.2790171885456,-0.27901718854559476
2594,52.0,51.30389377665208,0.6961062233479183
2762,79.0,82.09383398545009,-3.0938339854500896
218,43.0,43.31757121177534,-0.31757121177533776
1483,44.0,46.96916071772683,-2.9691607177268295
2536,54.0,55.89577358549935,-1.8957735854993487
7995,77.0,74.65783068622167,2.342169313778328
293,88.0,86.70778657911168,1.2922134208883165
2544,60.0,61.974493083318386,-1.9744930833183858
3138,48.0,50.24855552273734,-2.248555522737341
3430,60.0,60.900997293477,-0.9009972934769976
3140,97.0,96.3426255250476,0.6573744749524053
9510,37.0,37.443492530047045,-0.44349253004704536
4065,38.0,39.80283679215267,-1.802836792152668
3260,84.0,79.8704306622983,4.129569337701696
1577,45.0,45.003823021945514,-0.0038230219455144265
3974,42.0,44.97508616729919,-2.975086167299189
1377,32.0,35.03347227760599,-3.0334722776059877
7974,55.0,54.76690440943916,0.2330955905608434
5040,55.0,56.436046480182846,-1.4360464801828456
5123,75.0,74.09993320336642,0.9000667966335811
4251,67.0,64.70956609563251,2.2904339043674895
1895,89.0,87.859248118805,1.1407518811950013
7340,76.0,76.58751990702976,-0.5875199070297583
4856,95.0,94.50501069200519,0.494989307994814
2051,37.0,36.60950553301986,0.3904944669801367
5242,75.0,71.86843208418884,3.1315679158111607
8818,61.0,61.41919740334615,-0.4191974033461534
8375,65.0,63.14006326092545,1.8599367390745485
1743,21.0,23.750130319546948,-2.7501303195469475
2300,63.0,62.94846991731227,0.05153008268772652
4611,46.0,48.45716848338787,-2.4571684833878678
3901,63.0,62.92927795382152,0.07072204617848143
1638,75.0,73.13260707026845,1.867392929731551
8185,35.0,38.07532023367744,-3.075320233677438
598,48.0,45.86496612936403,2.135033870635972
5787,38.0,40.21734876797235,-2.2173487679723465
8822,35.0,32.504101246818756,2.495898753181244
5753,45.0,45.662806835967224,-0.6628068359672241
2908,93.0,91.76745615699716,1.2325438430028441
5640,48.0,48.33192714334286,-0.33192714334285967
5057,72.0,73.16982292056065,-1.169822920560648
2070,100.0,94.65389219218349,5.346107807816509
9005,76.0,74.6230963586234,1.3769036413766003
8930,61.0,61.69632134508219,-0.6963213450821897
4561,16.0,16.192414999467594,-0.19241499946759433
2746,60.0,61.843769119066714,-1.8437691190667138
2040,83.0,82.21959490431391,0.780405095686092
2585,36.0,38.60253228694733,-2.60253228694733
744,81.0,82.07319492682953,-1.0731949268295295
3019,44.0,43.92222943607839,0.07777056392161086
5187,40.0,42.98858983407853,-2.9885898340785317
5927,64.0,58.9910329839145,5.008967016085499
9454,90.0,92.46667029175978,-2.466670291759783
4040,59.0,58.28019173393202,0.7198082660679788
2474,55.0,54.56212994422324,0.43787005577676297
2256,78.0,79.66970509509528,-1.6697050950952814
1011,52.0,50.00511811209942,1.9948818879005827
1205,80.0,79.44678646288875,0.5532135371112474
6552,86.0,83.4782738972508,2.5217261027491986
3172,61.0,60.32611035138439,0.6738896486156065
462,24.0,26.51484096494633,-2.5148409649463304
4483,41.0,45.65274709606634,-4.652747096066342
5417,53.0,53.14660530420749,-0.1466053042074904
6314,26.0,29.006476566622574,-3.006476566622574
609,42.0,44.730614329097186,-2.730614329097186
3113,90.0,92.66739585896283,-2.667395858962834
1485,66.0,64.5516726520535,1.4483273479465026
7797,26.0,25.76130124046501,0.23869875953499076
7167,61.0,60.26773586365284,0.7322641363471618
2008,45.0,45.39874373564479,-0.3987437356447927
6423,85.0,86.8335474979755,-1.833547497975502
4866,79.0,79.17619294185954,-0.17619294185954004
2200,78.0,80.29500237801886,-2.2950023780188644
8151,62.0,63.117990476111125,-1.1179904761111246
4573,40.0,40.511582449134856,-0.5115824491348562
6,63.0,64.14369109694064,-1.1436910969406426
3662,53.0,48.907982162124775,4.092017837875225
3876,16.0,18.43944511381663,-2.4394451138166318
5110,79.0,80.29147305882478,-1.2914730588247778
9989,27.0,25.62652837820047,1.3734716217995313
1126,37.0,38.43654104734255,-1.4365410473425513
9234,38.0,39.21372093195716,-1.2137209319571625
6177,76.0,74.08582456545264,1.91417543454736
2808,32.0,32.625813267669706,-0.6258132676697059
7426,22.0,24.01419341986938,-2.014193419869379
6941,70.0,66.98636749219196,3.0136325078080404
1647,15.0,17.138054277444866,-2.1380542774448656
4114,53.0,54.373031492240024,-1.373031492240024
3194,41.0,43.978122401116,-2.9781224011160035
5513,45.0,44.92180837408069,0.07819162591930962
1426,45.0,46.66381950016329,-1.6638195001632923
1554,58.0,60.339171192797984,-2.339171192797984
3915,47.0,49.612678921094066,-2.6126789210940657
8022,32.0,32.30337567961572,-0.3033756796157192
5434,78.0,77.80989719704942,0.1901028029505767
3680,46.0,46.87617218258615,-0.8761721825861528
1580,47.0,41.92815488565075,5.071845114349252
3333,84.0,83.0964140249651,0.9035859750349005
6277,28.0,25.412741969583827,2.587258030416173
5366,33.0,32.74256224313279,0.25743775686721193
5605,69.0,68.03518869433594,0.9648113056640568
8474,52.0,50.08504580582649,1.9149541941735109
8784,57.0,54.22258261674279,2.777417383257209
5209,38.0,39.68007697480157,-1.6800769748015725
5120,58.0,56.04217356298373,1.9578264370162728
6739,84.0,82.8318313458239,1.1681686541760996
8472,77.0,76.2922384293671,0.707761570632897
7786,69.0,68.64794471466473,0.3520552853352683
1138,63.0,67.88134414876981,-4.881344148769813
2436,50.0,50.68069208672879,-0.68069208672879
1429,42.0,43.07818269915031,-1.078182699150311
9288,71.0,70.86088899928598,0.13911100071402416
4181,93.0,92.45256165384603,0.5474383461539674
9091,16.0,17.352888482561653,-1.352888482561653
2237,28.0,27.260936121345893,0.7390638786541075
7559,22.0,20.380748080908504,1.6192519190914965
6553,85.0,83.97924398750433,1.0207560124956672
1565,69.0,72.99025599079695,-3.9902559907969533
8178,40.0,39.13222586291115,0.8677741370888512
7188,86.0,86.74552200822268,-0.7455220082226788
7866,48.0,46.67792813807704,1.3220718619229572
8718,76.0,75.7590155342092,0.24098446579080246
6211,47.0,47.42545702067036,-0.4254570206703576
9419,56.0,55.23025935077086,0.7697406492291421
155,47.0,46.22371878927125,0.7762812107287473
5685,65.0,62.913735589714,2.086264410285999
4437,63.0,63.378524257239484,-0.3785242572394836
5466,53.0,53.80454132172904,-0.8045413217290402
9917,81.0,83.14825809198987,-2.1482580919898737
6156,60.0,60.905046191489866,-0.9050461914898662
3606,33.0,32.465438301396766,0.534561698603234
7070,29.0,26.89068999534401,2.1093100046559883
23,57.0,59.27220582366342,-2.2722058236634197
1248,66.0,64.09484813142862,1.9051518685713802
9854,26.0,28.067753639045733,-2.0677536390457334
102,34.0,31.25860337548462,2.7413966245153816
9517,70.0,67.98999532820713,2.0100046717928706
5175,86.0,84.59448153052705,1.405518469472952
8954,60.0,59.25156676504286,0.7484332349571403
7423,46.0,47.578387418861546,-1.5783874188615457
2143,26.0,26.31058607854923,-0.31058607854922826
9512,81.0,82.93447168337323,-1.934471683373232
8894,17.0,17.138054277444866,-0.13805427744486565
8561,78.0,78.44980932776954,-0.4498093277695432
6089,33.0,35.74574725378225,-2.7457472537822483
1908,28.0,31.25860337548462,-3.2586033754846184
8821,32.0,30.591521765437157,1.4084782345628426
5196,65.0,66.78969082300179,-1.7896908230017914
5572,45.0,47.22721297616125,-2.2272129761612476
9211,51.0,50.75512851738667,0.24487148261332692
3648,34.0,31.688657715411814,2.3113422845881857
8168,57.0,56.13019905273655,0.8698009472634496
1712,50.0,50.7184275158398,-0.7184275158397995
6702,38.0,35.69142166406359,2.30857833593641
8646,84.0,84.31226089427798,-0.3122608942779834
5379,79.0,78.52477397610875,0.4752260238912527
7491,63.0,61.89156428807858,1.1084357119214232
2028,44.0,43.227064199328616,0.7729358006713838
6580,61.0,65.12812696946509,-4.128126969465086
4934,28.0,27.33328559786601,0.6667144021339908
6838,25.0,25.923243582056905,-0.9232435820569052
8569,89.0,87.0885986548972,1.911401345102803
5889,65.0,64.70956609563251,0.2904339043674895
2476,67.0,65.38317812638678,1.616821873613219
1959,73.0,72.30253532212893,0.6974646778710678
4151,93.0,93.97022042152835,-0.970220421528353
3345,59.0,60.86233434805499,-1.8623343480549934
2479,60.0,60.015166229425056,-0.015166229425055633
2086,56.0,54.37551301493395,1.6244869850660493
662,71.0,70.92317873590522,0.07682126409477519
7710,70.0,70.46243896639263,-0.46243896639262516
4045,39.0,37.36409305400134,1.6359069459986628
7771,32.0,34.31611397585274,-2.316113975852737
3960,36.0,33.96493953315245,2.035060466847547
7977,44.0,40.89592384411444,3.104076155885558
5876,73.0,74.51547960675018,-1.5154796067501763
8987,70.0,70.04544546787903,-0.04544546787903414
2091,38.0,36.36098479680496,1.6390152031950365
1484,69.0,67.27015550375998,1.7298444962400197
6960,58.0,56.68353278883364,1.316467211166362
1464,44.0,42.88346797383527,1.1165320261647267
1420,42.0,42.992638732091415,-0.9926387320914145
2740,27.0,26.223608385296558,0.7763916147034422
1659,41.0,40.139383018120405,0.8606169818795948
5593,67.0,67.04226045722959,-0.042260457229588155
3506,39.0,41.105661354718215,-2.1056613547182153
8067,20.0,20.494375674669712,-0.4943756746697119
8045,59.0,57.70766603434419,1.292333965655807
1232,43.0,43.20890666340197,-0.20890666340196873
5797,29.0,31.364773032228037,-2.3647730322280367
2590,35.0,36.09130542315071,-1.0913054231507076
4105,67.0,65.76647172486622,1.2335282751337786
1350,86.0,85.1890800149292,0.8109199850707967
7521,40.0,36.99934292114215,3.0006570788578486
6342,55.0,53.579261447017764,1.420738552982236
3300,49.0,50.27022900892201,-1.2702290089220085
6892,76.0,77.74655966393004,-1.746559663930043
4848,75.0,75.68104978435727,-0.6810497843572705
3204,40.0,42.17014520115887,-2.170145201158867
1946,59.0,61.305449529395794,-2.305449529395794
1519,51.0,54.757892466038435,-3.7578924660384345
6924,61.0,60.11885436347456,0.8811456365254386
3206,41.0,36.98118538521552,4.018814614784482
890,60.0,60.27674780705356,-0.2767478070535603
1024,81.0,84.27452546516699,-3.274525465166988
5774,92.0,89.75118854156605,2.2488114584339485
1843,95.0,92.6310941560456,2.368905843954394
8170,74.0,74.09993320336642,-0.09993320336641887
3340,58.0,55.19042832865956,2.809571671340443
1811,53.0,51.15501227647379,1.8449877235262093
6913,44.0,47.148333078934336,-3.1483330789343356
58,78.0,80.33666642495359,-2.3366664249535916
8344,35.0,35.46104509483926,-0.4610450948392568
5286,52.0,52.94183083899157,-0.9418308389915708
1756,48.0,49.698222888152976,-1.6982228881529764
6746,69.0,63.94596663125032,5.054033368749678
9308,38.0,36.075763059043176,1.924236940956824
3335,23.0,21.267626941460584,1.732373058539416
3347,84.0,84.67597659957306,-0.6759765995730618
2735,69.0,70.38199169384677,-1.3819916938467713
2484,36.0,32.087107748305165,3.912892251694835
732,47.0,49.86524855532185,-2.8652485553218483
7144,69.0,68.76312631480886,0.23687368519114216
7525,49.0,50.75107961937379,-1.7510796193737903
1352,73.0,76.17953835191688,-3.179538351916875
7743,42.0,44.990762180531895,-2.9907621805318954
8892,81.0,83.99230482891795,-2.992304828917952
3471,28.0,27.4057687235113,0.5942312764886992
1985,50.0,50.52828126735644,-0.5282812673564408
3023,30.0,28.188031933702895,1.811968066297105
2412,31.0,32.48751108621109,-1.487511086211093
8723,73.0,71.71446725843359,1.2855327415664135
2675,54.0,54.11144991461152,-0.11144991461151932
1408,76.0,74.62962677933024,1.3703732206697623
7541,40.0,44.10336374116101,-4.1033637411610115
7644,56.0,57.70766603434419,-1.707666034344193
5157,69.0,68.55743770221801,0.44256229778198986
8371,62.0,62.101821377501146,-0.10182137750114606
9691,69.0,70.6591156355828,-1.6591156355827934
2269,93.0,91.9837240883077,1.0162759116923041
8848,20.0,22.011106926041037,-2.0111069260410375
5989,33.0,32.50710234833149,0.49289765166850685
1129,72.0,68.80988705625663,3.1901129437433724
8782,71.0,71.74162336882489,-0.7416233688248894
257,41.0,43.00922889269909,-2.0092288926990918
4583,18.0,18.313684194952806,-0.3136841949528062
7967,65.0,65.57384395368894,-0.5738439536889359
8167,50.0,46.66381950016329,3.3361804998367077
6911,43.0,42.49259615814888,0.5074038418511222
9936,49.0,48.65541252789698,0.3445874721030222
5786,18.0,17.799653263285663,0.20034673671433723
1572,36.0,36.89668921465677,-0.8966892146567673
3241,80.0,79.36934029185562,0.6306597081443783
7238,45.0,48.98189901396385,-3.9818990139638473
5190,38.0,37.112042998592365,0.887957001407635
4555,37.0,36.758387033198154,0.24161296680184563
6751,66.0,66.65086906272438,-0.6508690627243823
4097,35.0,34.79906017930484,0.2009398206951616
8483,79.0,76.74801515349182,2.2519848465081793
6150,63.0,63.46759754349245,-0.4675975434924524
2694,42.0,42.56651300998795,-0.5665130099879505
9699,67.0,69.50765409588948,-2.507654095889478
2699,54.0,55.81572561158314,-1.8157256115831402
6533,30.0,30.931069092917618,-0.9310690929176175
1748,61.0,62.51986267251488,-1.5198626725148827
8922,69.0,68.44970067015561,0.5502993298443926
6333,34.0,35.18640267579716,-1.1864026757971615
5447,62.0,63.31923562213296,-1.3192356221329575
1035,38.0,36.03449831073811,1.9655016892618917
2095,71.0,70.20033780994532,0.7996621900546756
1610,59.0,61.50617509659883,-2.506175096598831
7181,51.0,49.7072348315537,1.2927651684463015
4005,64.0,66.02152288178792,-2.0215228817879165
2131,46.0,42.05496360101473,3.9450363989852733
9566,79.0,81.30006394022783,-2.3000639402278296
9200,56.0,56.32830944812047,-0.32830944812047136
9502,53.0,52.991193383322404,0.008806616677595969
6741,85.0,85.27958702737595,-0.2795870273759533
3007,40.0,40.533255935319524,-0.5332559353195236
884,72.0,70.93375805462489,1.0662419453751113
7118,39.0,39.07541875049855,-0.07541875049854951
7704,74.0,73.48221413764978,0.5177858623502232
5207,45.0,45.028497609642905,-0.02849760964290482
8607,67.0,66.67046032484478,0.32953967515521754
4295,33.0,31.164047465025,1.835952534975
8384,59.0,56.16388558383465,2.8361144161653513
988,78.0,74.16078921379187,3.8392107862081275
1868,79.0,78.6052212486546,0.39477875134539886
9492,43.0,42.46790820151545,0.5320917984845508
974,51.0,51.57462094680651,-0.5746209468065118
9244,39.0,40.23040960938595,-1.2304096093859513
3928,58.0,60.538329384682065,-2.538329384682065
4777,32.0,28.8927286926722,3.1072713073277995
3528,68.0,68.63135455405705,-0.6313545540570544
6765,39.0,40.22087808716642,-1.2208780871664189
9818,25.0,22.83856350236143,2.1614364976385687
2132,20.0,18.29056361363834,1.7094363863616593
5345,25.0,27.023908851225634,-2.0239088512256345
6197,17.0,17.90570263983993,-0.9057026398399302
7691,53.0,54.78349457004682,-1.7834945700468197
4274,37.0,37.68548284555515,-0.6854828455551498
8858,53.0,54.08179891259025,-1.0817989125902514
7732,53.0,53.62602218846552,-0.6260221884655195
9820,36.0,36.417791909217534,-0.4177919092175344
4617,30.0,33.45235569661512,-3.452355696615122
9858,40.0,38.18553878843374,1.814461211566261
4042,18.0,17.644121062211426,0.3558789377885745
7035,58.0,55.436467542180544,2.5635324578194556
6800,69.0,68.59465355251015,0.4053464474898476
2595,16.0,19.83799366353108,-3.83799366353108
4695,59.0,60.34165271549191,-1.341652715491911
1131,59.0,56.65336220799356,2.3466377920064403
5781,91.0,89.18531354287416,1.8146864571258448
6478,79.0,80.4116310732928,-1.4116310732927957
8402,75.0,75.95974110141225,-0.9597411014122486
1641,67.0,68.22938384083218,-1.2293838408321847
9530,78.0,81.54101982817181,-3.5410198281718124
782,55.0,57.89937965814649,-2.8993796581464935
9789,68.0,69.56851010631493,-1.5685101063149318
8158,42.0,46.2729476844769,-4.272947684476897
6542,44.0,42.76579148206117,1.234208517938832
8429,22.0,20.93865893269981,1.0613410673001908
6530,74.0,73.3061631581441,0.693836841855898
9349,63.0,65.88675001952339,-2.88675001952339
8503,37.0,39.1267432387045,-2.126743238704499
1368,48.0,46.5692769586397,1.4307230413603023
769,59.0,61.179688610531976,-2.1796886105319757
5892,70.0,71.74018964263112,-1.7401896426311225
4535,61.0,56.93205352504854,4.067946474951462
9459,50.0,48.42908485668554,1.5709151433144584
770,29.0,29.407927701028648,-0.4079277010286475
1533,62.0,63.67132421220821,-1.6713242122082121
8055,56.0,54.97768971654306,1.0223102834569389
9824,66.0,66.62121806070311,-0.6212180607031144
1119,75.0,74.28759792915582,0.7124020708441776
3810,29.0,27.385129664890748,1.6148703351092522
8672,75.0,70.46348676289279,4.536513237107215
7744,77.0,77.03166951593468,-0.0316695159346807
5668,68.0,67.62224409383523,0.37775590616476507
6446,76.0,72.7165277191298,3.2834722808701997
1300,61.0,62.04697620896368,-1.0469762089636774
9075,34.0,31.064408228988377,2.935591771011623
8475,68.0,66.79870276640253,1.2012972335974723
8733,33.0,29.551712506693903,3.448287493306097
5653,45.0,43.63347837912253,1.3665216208774709
3961,49.0,48.23332233487036,0.7666776651296416
3949,45.0,45.05161819095738,-0.05161819095737741
4397,46.0,50.39598992778581,-4.395989927785813
7278,83.0,82.32824608375122,0.6717539162487753
1494,68.0,69.238494301054,-1.2384943010540042
6245,70.0,71.2874140200191,-1.2874140200190993
2215,55.0,52.66470689725555,2.3352931027444512
5133,25.0,25.621431683687447,-0.6214316836874474
1788,60.0,57.82794432900135,2.1720556709986525
9593,67.0,65.83895485051153,1.1610451494884728
5099,84.0,85.40534794623977,-1.4053479462397718
7317,52.0,49.09459909141406,2.905400908585939
5713,64.0,65.50593794373788,-1.5059379437378766
3211,52.0,50.003550736780475,1.9964492632195245
5829,82.0,78.66764463439904,3.332355365600961
5420,40.0,42.34776355598347,-2.3477635559834695
1922,53.0,52.60933351103673,0.3906664889632694
4850,56.0,54.96606260132324,1.0339373986767626
7766,75.0,71.41122163387035,3.5887783661296453
9365,88.0,88.99869661358488,-0.9986966135848832
3984,54.0,51.04087847282981,2.95912152717019
6369,51.0,52.7567679160852,-1.7567679160852023
5749,45.0,46.95766725163218,-1.9576672516321807
8455,60.0,60.13086740838799,-0.13086740838799216
7783,44.0,43.221967504815574,0.7780324951844264
685,68.0,67.62772671804188,0.3722732819581154
6258,85.0,83.7915792617149,1.208420738285099
7824,63.0,59.258097185749655,3.741902814250345
938,69.0,67.81539144383132,1.1846085561686834
322,64.0,62.91478338621416,1.085216613785839
8070,57.0,59.25156676504286,-2.2515667650428597
1980,49.0,50.70929529224993,-1.7092952922499265
5634,54.0,56.01645117878618,-2.016451178786177
2931,86.0,85.66549579767451,0.3345042023254905
4889,29.0,29.97628422241445,-0.9762842224144492
3032,70.0,74.12160668955104,-4.121606689551044
8885,83.0,82.64011772202156,0.35988227797844274
5961,30.0,33.0106742414681,-3.0106742414681023
3768,69.0,71.01630092017109,-2.0163009201710906
5362,34.0,35.60992659501755,-1.6099265950175479
3044,81.0,80.89613128312783,0.10386871687217081
4585,64.0,60.442739046658325,3.5572609533416752
3718,67.0,65.11258460535757,1.8874153946424315
6210,66.0,63.94544705243151,2.0545529475684887
4100,28.0,28.194562354409705,-0.1945623544097046
7173,21.0,20.187600730912408,0.8123992690875923
9090,60.0,58.59454489489628,1.4054551051037194
8855,46.0,44.177280593000084,1.8227194069999157
4543,29.0,31.200228887753077,-2.2002288877530773
2647,31.0,30.937599513624413,0.06240048637558715
439,73.0,71.73261142542418,1.2673885745758184
8404,77.0,74.07028220134512,2.9297177986548775
5215,51.0,49.05829738849682,1.9417026115031817
7946,80.0,83.7151808871819,-3.7151808871819014
7882,89.0,87.51970079132454,1.4802992086754614
7343,18.0,15.849338352793076,2.150661647206924
1317,71.0,72.5716951169644,-1.5716951169644062
4117,70.0,72.05258085972028,-2.0525808597202797
5567,72.0,76.54873668141863,-4.548736681418632
2898,78.0,79.27583217789615,-1.2758321778961488
5213,58.0,56.332358346133354,1.6676416538666459
4008,36.0,36.166270071489926,-0.1662700714899259
1174,35.0,31.999082258552342,3.000917741447658
524,34.0,37.495336597071805,-3.4953365970718053
7364,64.0,64.33931996963062,-0.3393199696306226
3652,53.0,52.65164605584196,0.3483539441580419
3293,59.0,59.034779254913495,-0.034779254913495095
7034,31.0,31.966829453647996,-0.9668294536479962
3856,81.0,81.85444547282503,-0.8544454728250344
7552,90.0,92.24935456394908,-2.2493545639490833
9135,31.0,34.11786993134363,-3.117869931343627
3155,40.0,39.26961389699479,0.730386103005209
6025,73.0,77.24049287916347,-4.240492879163469
8349,62.0,60.748586474104634,1.2514135258953658
3398,37.0,37.654797415969774,-0.6547974159697745
6716,77.0,78.95992501054897,-1.9599250105489716
5528,65.0,66.96429470737763,-1.9642947073776327
7508,23.0,22.712802583497613,0.28719741650238717
8717,85.0,79.90256318701353,5.097436812986473
3320,49.0,49.599618079680475,-0.5996180796804751
603,77.0,75.81739002194075,1.1826099780592472
2861,33.0,30.70578921820634,2.294210781793659
5299,73.0,73.39667017059088,-0.3966701705908804
248,43.0,45.13454698619717,-2.134546986197172
4723,71.0,71.66927389230477,-0.6692738923047727
6606,56.0,54.847351681985025,1.1526483180149754
8453,30.0,26.609396875405956,3.390603124594044
9202,88.0,92.06521915735371,-4.0652191573537095
7809,72.0,72.03298959759985,-0.032989597599851095
6479,49.0,48.509532129231424,0.4904678707685761
2835,90.0,88.17920418416506,1.8207958158349413
6577,44.0,41.10722873003717,2.8927712699628287
9606,87.0,90.71851467466402,-3.7185146746640214
7788,55.0,58.571424313581794,-3.571424313581794
6398,68.0,67.33101151418543,0.668988485814566
104,57.0,56.792183968270955,0.2078160317290454
3024,22.0,26.629108417715507,-4.629108417715507
1151,61.0,57.47585573892611,3.524144261073893
3189,60.0,62.11736374160865,-2.1173637416086493
9368,59.0,59.59569120821754,-0.5956912082175378
4698,73.0,72.89570008033732,0.10429991966267949
2873,53.0,53.62445481314656,-0.6244548131465635
2870,59.0,60.20178315871434,-1.201783158714342
3731,72.0,72.02541138039291,-0.025411380392910132
121,92.0,89.41059341758543,2.5894065824145684
4424,69.0,67.0045250281186,1.995474971881407
563,58.0,57.242877366818725,0.7571226331812753
6681,36.0,37.37963541810887,-1.3796354181088688
54,78.0,76.78066725702584,1.21933274297416
5562,20.0,18.74385881506916,1.25614118493084
9598,69.0,68.82803122324722,0.17196877675277733
4784,79.0,77.13680474511398,1.8631952548860227
3521,81.0,77.56645978641151,3.4335402135884863
7210,14.0,14.011723519750696,-0.011723519750695743
952,58.0,61.779383789447174,-3.7793837894471736
3568,48.0,47.17040586374866,0.8295941362513375
9259,55.0,55.046643522994295,-0.04664352299429453
3432,94.0,89.81857497269831,4.181425027301685
8581,55.0,56.06019744978517,-1.0601974497851714
7847,73.0,73.14017191853935,-0.14017191853935174
1366,71.0,69.85882853858976,1.141171461410238
8408,50.0,53.20902868995193,-3.2090286899519285
3177,68.0,67.82701855905114,0.1729814409488597
6062,52.0,50.034769114120714,1.9652308858792864
5789,34.0,35.6018287989918,-1.6018287989917965
9239,48.0,45.336320349900355,2.6636796500996454
6914,67.0,67.34760167479311,-0.3476016747931112
9188,82.0,83.31621127546975,-1.3162112754697546
6709,68.0,68.15193766979903,-0.15193766979902534
9672,32.0,30.081419451593753,1.918580548406247
2388,85.0,83.4430199908337,1.5569800091662955
2354,36.0,37.162319690298155,-1.1623196902981547
6168,29.0,29.644834690959755,-0.6448346909597547
4062,52.0,51.14952965226714,0.850470347732859
8539,17.0,15.657624728990754,1.3423752710092458
819,43.0,42.48606573744208,0.5139342625579175
8356,61.0,58.382325861598595,2.617674138401405
3979,48.0,46.88270260329296,1.1172973967070376
2867,61.0,60.95937178120855,0.04062821879144707
244,46.0,48.798283186187284,-2.798283186187284
4046,39.0,40.06586546491099,-1.065865464910992
89,29.0,29.160840691007508,-0.16084069100750753
2606,47.0,48.643785412677154,-1.643785412677154
1268,66.0,67.26205770773424,-1.2620577077342432
1491,56.0,60.108794623573665,-4.108794623573665
1882,53.0,53.413669506042645,-0.41366950604264474
6650,66.0,66.11607879224755,-0.11607879224754925
7547,56.0,62.33219794672545,-6.332197946725451
7759,69.0,69.49864215248874,-0.4986421524887419
8418,37.0,34.52180258844363,2.4781974115563727
514,27.0,26.32469471646298,0.6753052835370212
4759,36.0,37.18948916962551,-1.18948916962551
6458,33.0,31.520184953113123,1.479815046886877
4993,74.0,72.62758808200203,1.3724119179979652
150,83.0,88.44078576179356,-5.440785761793563
8847,57.0,55.99685991666578,1.0031400833342232
6545,30.0,36.78555651252551,-6.78555651252551
8046,87.0,86.37124035314395,0.6287596468560537
5740,20.0,18.663291262334134,1.336708737665866
4481,82.0,81.43993349700537,0.5600665029946299
5424,81.0,80.86492627472362,0.13507372527638495
8988,65.0,65.23272925088955,-0.2327292508895482
4247,33.0,30.514075594404012,2.4859244055959877
6819,40.0,37.38916694032839,2.610833059671613
2279,87.0,83.94959298548306,3.050407014516935
3409,20.0,21.943720494908767,-1.9437204949087672
7715,33.0,29.339493473396224,3.6605065266037755
3849,91.0,91.65475607954693,-0.654756079546928
5393,41.0,44.569719784005436,-3.5697197840054358
2180,60.0,59.37432658239394,0.625673417606059
6107,77.0,75.16036815179416,1.8396318482058405
9845,27.0,25.969605024875,1.0303949751249988
6334,47.0,43.70086481025479,3.2991351897452077
4963,64.0,64.60599824177217,-0.6059982417721699
4376,23.0,28.05874169564501,-5.058741695645011
6683,55.0,55.43894906487446,-0.43894906487445695
74,65.0,63.20143885016973,1.7985611498302703
1877,86.0,85.38079363873152,0.6192063612684819
5735,49.0,47.622133689860526,1.3778663101394741
8373,89.0,86.49295237399488,2.507047626005118
5573,36.0,33.635971524391685,2.3640284756083147
8043,24.0,23.403004774859546,0.5969952251404536
3180,78.0,76.63426727954146,1.3657327204585386
5663,45.0,47.640291225787145,-2.640291225787145
9355,27.0,26.499298600838813,0.500701399161187
5063,71.0,72.15718314114474,-1.157183141144742
9468,46.0,47.09492163659065,-1.094921636590648
5546,77.0,74.31475403954715,2.6852459604528462
1183,74.0,70.38852211455355,3.6114778854464475
5775,54.0,55.993330597471704,-1.9933305974717044
5584,77.0,79.27230285870206,-2.272302858702062
2102,50.0,48.41342221238889,1.5865777876111125
5823,58.0,56.332358346133354,1.6676416538666459
5083,51.0,50.9724442451974,0.027555754802598642
7831,50.0,47.47730108769512,2.5226989123048824
7332,53.0,54.77944567203395,-1.779445672033951
5587,49.0,51.29592962975152,-2.2959296297515195
7223,71.0,70.60074114785124,0.3992588521487619
7935,39.0,39.373181750855146,-0.3731817508551458
966,33.0,33.028831777394736,-0.028831777394735525
337,87.0,83.29713959216815,3.7028604078318494
5365,35.0,35.82972384552219,-0.8297238455221887
9731,26.0,27.463095414742703,-1.4630954147427033
7540,78.0,78.56996734223756,-0.5699673422375611
3341,78.0,79.41465393817356,-1.414653938173558
8540,66.0,66.53973636059314,-0.5397363605931389
4900,73.0,73.59987726048783,-0.5998772604878297
7823,50.0,48.26349291571044,1.7365070842895634
192,49.0,48.588026096764715,0.4119739032352854
1234,81.0,80.47248708371828,0.5275129162817223
8386,38.0,35.160160712780815,2.839839287219185
4596,67.0,67.07596035726374,-0.07596035726373884
1161,57.0,59.288782615335045,-2.2887826153350446
2082,23.0,25.762349036965162,-2.762349036965162
4503,47.0,49.66452298811881,-2.6645229881188115
2607,41.0,44.216583397430036,-3.2165833974300355
9324,52.0,51.00064815208885,0.9993518479111501
4943,83.0,82.32824608375122,0.6717539162487753
7253,62.0,59.84969456863909,2.1503054313609127
7321,67.0,65.5114205679445,1.4885794320555021
7191,55.0,53.61544286974584,1.3845571302541586
8864,41.0,42.38145008708158,-1.381450087081582
1682,59.0,55.6019392029665,3.3980607970335015
663,86.0,84.31474241697188,1.6852575830281182
2789,78.0,79.36032834845491,-1.3603283484549138
9085,36.0,37.41488932452592,-1.414889324525923
1462,84.0,81.41774043200192,2.5822595679980793
6998,34.0,34.25525796542727,-0.2552579654272691
6757,79.0,78.40201415875765,0.5979858412423482
8667,48.0,44.37199531831512,3.628004681684878
7272,15.0,16.319609644525194,-1.319609644525194
1969,35.0,32.400533392958415,2.5994666070415846
8257,57.0,58.25799866892854,-1.2579986689285434
8491,75.0,76.41146892752411,-1.411468927524112
1777,45.0,43.00818109619893,1.991818903801068
6341,40.0,41.82811635098448,-1.8281163509844802
2821,56.0,55.365032213035384,0.6349677869646158
880,69.0,69.16862634722784,-0.16862634722784264
418,70.0,71.56153686024243,-1.5615368602424269
4196,78.0,77.65448527616434,0.34551472383566306
5119,62.0,62.758323668828915,-0.7583236688289148
1018,40.0,40.96840696975976,-0.9684069697597621
7981,52.0,51.5876817882201,0.4123182117798976
746,80.0,83.70212004576831,-3.7021200457683108
1472,61.0,62.9941828622599,-1.9941828622598976
7529,46.0,44.032447990834676,1.967552009165324
7591,28.0,29.498434713475383,-1.4984347134753833
5256,80.0,80.05549358520466,-0.0554935852046583
2982,64.0,65.21770646560083,-1.217706465600827
4532,68.0,68.24649358025866,-0.24649358025865808
2679,62.0,61.66118771885427,0.3388122811457279
7580,72.0,71.0630482926828,0.9369517073172062
5222,60.0,58.841103687236064,1.158896312763936
9008,87.0,87.51068884792383,-0.5106888479238307
3249,31.0,29.145298326899983,1.854701673100017
1314,51.0,51.44729265262374,-0.4472926526237373
2295,56.0,53.82269885765567,2.1773011423443265
6471,35.0,35.056592858920474,-0.0565928589204745
555,66.0,66.14324827157489,-0.1432482715748904
4248,49.0,48.32134782462318,0.6786521753768184
1277,74.0,74.75538769819403,-0.7553876981940277
7056,77.0,79.0262636451811,-2.0262636451811034
8093,55.0,54.91683370611759,0.0831662938824067
7351,37.0,36.16130702610207,0.8386929738979276
4024,64.0,61.48110121027178,2.518898789728219
7778,37.0,32.99004855178358,4.00995144821642
4358,19.0,20.62013659353353,-1.6201365935335303
806,85.0,84.30977937158406,0.6902206284159433
8625,36.0,36.0591728984355,-0.059172898435498666
7368,65.0,61.8749741274709,3.1250258725291005
7228,55.0,55.39625059037562,-0.3962505903756224
4940,74.0,72.9696169321764,1.0303830678236068
6350,76.0,80.37140075255186,-4.371400752551864
8301,37.0,37.92643873349916,-0.9264387334991611
229,62.0,65.77052062287908,-3.7705206228790757
7411,59.0,54.64114349057534,4.358856509424662
8065,39.0,38.460181207475834,0.5398187925241658
7996,41.0,42.48854726013601,-1.4885472601360092
1172,87.0,84.63979517684498,2.3602048231550157
878,43.0,41.553873230572044,1.4461267694279556
9079,63.0,63.39811551935987,-0.39811551935986955
368,25.0,29.01953740803617,-4.019537408036172
421,21.0,18.71513532935888,2.28486467064112
8350,35.0,35.81823037942754,-0.8182303794275398
537,46.0,44.82777204243987,1.172227957560132
7904,46.0,40.44014711998971,5.55985288001029
9759,57.0,58.766667256578195,-1.7666672565781951
7166,71.0,71.62748956518092,-0.6274895651809231
3698,62.0,64.80972491048794,-2.809724910487944
167,42.0,40.22139766598523,1.7786023340147707
7057,46.0,41.04885424230563,4.95114575769437
8271,55.0,51.67413990265397,3.3258600973460304
1808,86.0,88.12331121912743,-2.12331121912743
2681,47.0,45.393647041131736,1.6063529588682641
1473,41.0,42.533860906453945,-1.5338609064539455
7098,68.0,70.13843400301971,-2.138434003019711
9830,36.0,34.52990038446938,1.4700996155306214
6963,42.0,44.171269751112085,-2.171269751112085
2054,94.0,91.09031480704883,2.909685192951173
1140,70.0,69.29438726609166,0.7056127339083389
6487,69.0,67.66650994365301,1.3334900563469887
442,71.0,65.36502059046015,5.634979409539852
5246,55.0,54.618022909260866,0.38197709073913444
9243,53.0,55.032534885080544,-2.032534885080544
8810,97.0,96.54478481844441,0.4552151815555874
3716,45.0,46.625169923677326,-1.6251699236773263
5432,76.0,77.0432966311545,-1.0432966311545044
827,69.0,66.22877886969778,2.771221130302223
8895,30.0,31.087528810302864,-1.0875288103028637
4402,31.0,29.055718830764242,1.944281169235758
9129,57.0,58.07698464403506,-1.0769846440350577
4395,42.0,41.36580920615295,0.634190793847047
2846,53.0,56.31028556131903,-3.310285561319027
4571,54.0,54.47267072827665,-0.4726707282766469
8286,59.0,60.07758961516948,-1.0775896151694795
2400,84.0,83.27754833004775,0.7224516699522496
5877,32.0,35.76638631240281,-3.7663863124028083
5866,63.0,67.33702235607345,-4.337022356073447
4107,53.0,50.163011555678445,2.8369884443215554
159,42.0,42.624887497719506,-0.6248874977195058
6056,37.0,38.0044044833511,-1.0044044833511023
8832,84.0,83.99230482891795,0.007695171082048091
1154,52.0,54.404236500644224,-2.404236500644224
7176,53.0,53.40570535914207,-0.4057053591420683
583,73.0,74.78764050309837,-1.7876405030983733
7972,77.0,77.38284395863494,-0.38284395863493614
8261,30.0,31.543305534427596,-1.5433055344275957
2556,70.0,71.49715153062286,-1.4971515306228582
3754,58.0,53.1360259854878,4.863974014512202
2904,29.0,26.6612409424307,2.3387590575692982
9356,47.0,47.69356901900567,-0.6935690190056718
371,62.0,61.62345228974328,0.3765477102567232
4762,47.0,45.726144369086605,1.2738556309133955
4222,56.0,56.77259270615057,-0.7725927061505686
3272,61.0,58.77319767728499,2.2268023227150096
6225,23.0,23.180206422842183,-0.1802064228421827
7313,85.0,85.53215666160372,-0.5321566616037217
8888,50.0,48.882259777927224,1.1177402220727757
6006,77.0,78.04835819336347,-1.0483581933634696
204,38.0,40.019104723463236,-2.0191047234632364
871,44.0,46.05667975316633,-2.0566797531663283
8109,80.0,76.3118296914875,3.688170308512497
1207,26.0,24.53892395044535,1.4610760495546486
9752,45.0,45.860003083976174,-0.8600030839761743
6567,90.0,91.63163549823244,-1.6316354982324413
2332,70.0,74.53010782348275,-4.530107823482751
4541,29.0,31.41401529636972,-2.414015296369719
6340,59.0,59.38438632229484,-0.38438632229483716
8564,49.0,47.47978261038903,1.5202173896109699
3002,25.0,26.81925466619886,-1.8192546661988587
3263,82.0,84.20609123753457,-2.206091237534565
5032,71.0,68.58708870423928,2.412911295760722
9229,74.0,75.20868289962485,-1.208682899624847
1839,79.0,80.57369369507384,-1.5736936950738425
9876,71.0,74.87409861753224,-3.8740986175322405
1909,46.0,45.73424216511237,0.26575783488762994
1294,43.0,42.275280430338164,0.7247195696618363
4091,84.0,81.23267750909554,2.767322490904462
4536,97.0,96.26113045600155,0.7388695439984474
9345,89.0,88.7526574000639,0.24734259993610408
1344,66.0,66.85564352794032,-0.8556435279403161
2985,48.0,50.098106647240094,-2.098106647240094
4438,57.0,57.1548518770659,-0.15485187706590153
4869,81.0,82.3554155630786,-1.3554155630785942
887,28.0,30.302770708481297,-2.3027707084812974
7687,59.0,60.507643955096675,-1.5076439550966754
8127,88.0,83.70212004576831,4.297879954231689
1600,79.0,77.40596453994942,1.594035460050577
1367,44.0,40.370279166163535,3.6297208338364655
9381,35.0,37.04961961284794,-2.049619612847941
9970,55.0,55.22764417895174,-0.22764417895174205
5984,77.0,75.56834970690704,1.4316502930929573
8643,60.0,58.69170260823898,1.3082973917610232
1621,23.0,20.287119686759873,2.7128803132401274
7865,47.0,43.96349418438344,3.0365058156165574
15,43.0,47.802233567379055,-4.802233567379055
5613,52.0,53.41876620055569,-1.4187662005556874
3991,52.0,54.618022909260866,-2.6180229092608656
5581,46.0,48.63477346927643,-2.634773469276432
490,79.0,81.31417257814158,-2.31417257814158
8337,66.0,65.42744397620459,0.5725560237954141
8353,42.0,41.44077385449217,0.5592261455078287
5592,27.0,25.95549638696125,1.0445036130387493
1188,39.0,37.444540326547205,1.5554596734527948
6923,75.0,77.51866461739965,-2.5186646173996508
9411,56.0,54.703047297500966,1.2969527024990342
6826,25.0,26.580793669884827,-1.5807936698848266
7221,67.0,72.00830164096644,-5.008301640966437
66,54.0,53.47662110946842,0.5233788905315819
1251,57.0,51.789841081616906,5.210158918383094
265,52.0,53.279944440278264,-1.279944440278264
9618,43.0,43.40715070791108,-0.40715070791107877
4085,32.0,32.17408544155784,-0.17408544155784256
7980,35.0,35.14213682597937,-0.14213682597937094
495,57.0,57.76199162406285,-0.7619916240628513
8440,17.0,18.475746816733853,-1.475746816733853
292,37.0,31.54082401173367,5.459175988266331
474,53.0,55.921895268326544,-2.9218952683265442
7912,41.0,39.41039760114732,1.5896023988526835
5783,54.0,55.52449303193337,-1.5244930319333676
2449,61.0,59.61018577582491,1.3898142241750904
521,49.0,46.616024331151415,2.383975668848585
3855,41.0,42.11986850945308,-1.1198685094530774
334,30.0,28.151730230785674,1.8482697692143262
4572,32.0,29.725281963505623,2.2747180364943773
3468,77.0,78.69572826110138,-1.6957282611013795
1296,50.0,50.05944370181809,-0.05944370181808978
5861,58.0,60.1373978290948,-2.1373978290948017
5807,72.0,71.8699994595078,0.13000054049220466
7257,30.0,31.484931046696055,-1.4849310466960546
2398,80.0,78.61932988656838,1.38067011343162
7120,25.0,24.363800487250707,0.6361995127492932
3882,58.0,55.587830565052734,2.412169434947266
7237,60.0,62.80756593297061,-2.8075659329706113
9861,48.0,47.22224993077341,0.7777500692265917
2122,39.0,39.63476332848365,-0.6347633284836505
4084,73.0,72.14712340124385,0.8528765987561542
6272,84.0,86.3440708738166,-2.344070873816605
5248,30.0,30.30681960649418,-0.30681960649418016
9768,73.0,70.45839006837974,2.5416099316202576
5442,45.0,46.533095535911634,-1.5330955359116345
5453,49.0,50.68474098474167,-1.6847409847416728
5376,73.0,68.03022564894812,4.969774351051882
8663,20.0,19.660388677642516,0.33961132235748437
5185,65.0,61.42272672254024,3.57727327745976
190,47.0,45.92843731160858,1.0715626883914169
1489,55.0,55.18389790795273,-0.18389790795273342
2910,74.0,76.32593832940125,-2.3259383294012537
5144,89.0,91.11095386566936,-2.1109538656693587
5760,39.0,41.48503970430995,-2.4850397043099477
5309,35.0,32.3074245776286,2.692575422371398
6438,80.0,79.50267942792638,0.4973205720736189
457,64.0,62.658164853973496,1.3418351460265043
5570,52.0,55.17593376105217,-3.175933761052171
2975,65.0,63.20000512397596,1.7999948760240372
7153,63.0,61.04086685025457,1.9591331497454334
1798,57.0,56.41790231319225,0.5820976868077494
6360,24.0,26.57974587338468,-2.579745873384681
4922,28.0,25.35841637986516,2.6415836201348384
6695,62.0,62.83328831716815,-0.8332883171681473
4439,82.0,77.36573421920846,4.634265780791537
7395,58.0,59.78583745670091,-1.7858374567009108
9719,73.0,74.95964258459114,-1.959642584591137
6196,38.0,36.63667501234722,1.3633249876527813
9109,44.0,45.406707882545355,-1.406707882545355
7410,62.0,59.27063844834445,2.7293615516555505
1149,37.0,37.18844137312535,-0.18844137312535025
854,14.0,13.9457708148122,0.05422918518780051
7043,66.0,64.50387748304166,1.4961225169583372
2197,77.0,75.13972909317363,1.860270906826372
8715,60.0,58.6947037097517,1.3052962902483003
8163,26.0,22.649465050378225,3.3505349496217747
4640,38.0,38.64131551255847,-0.6413155125584709
7801,45.0,47.038114524178035,-2.0381145241780345
766,37.0,39.50755531449001,-2.5075553144900127
8389,66.0,60.7330441099971,5.266955890002897
426,83.0,84.16442719059987,-1.1644271905998664
976,68.0,66.46725323494783,1.532746765052167
76,61.0,62.233593138252964,-1.2335931382529637
5776,90.0,87.69077535650632,2.3092246434936783
4112,19.0,20.90888765048939,-1.9088876504893904
2786,83.0,84.73435108730462,-1.734351087304617
6722,61.0,61.477571891077694,-0.4775718910776945
7331,88.0,90.88057729644504,-2.88057729644504
2222,56.0,59.37027768438107,-3.3702776843810724
7959,59.0,58.2967818945397,0.7032181054603015
6246,25.0,28.4948068774602,-3.4948068774601992
8439,87.0,87.37486818915914,-0.37486818915914455
7490,43.0,42.653091404610954,0.3469085953890456
9545,68.0,68.54933990619224,-0.5493399061922446
9651,24.0,24.137472816039278,-0.13747281603927775
1102,32.0,30.520606015110822,1.4793939848891782
6248,20.0,17.637590641504623,2.362409358495377
9379,86.0,85.65243495626089,0.34756504373910957
8417,64.0,63.06366488639245,0.936335113607548
7942,23.0,23.172628205635235,-0.17262820563523462
6249,59.0,54.854929899191994,4.145070100808006
7603,43.0,42.679213087438164,0.3207869125618359
8249,95.0,90.61246529810973,4.387534701890274
644,27.0,27.626085552834745,-0.6260855528347449
6879,73.0,73.16734139786672,-0.1673413978667213
7714,67.0,65.11258460535757,1.8874153946424315
10,84.0,84.66944617886628,-0.6694461788662807
4582,54.0,51.35678564017699,2.6432143598230127
2983,97.0,95.0322227452751,1.9677772547248935
9910,36.0,36.48674571566878,-0.486745715668782
3008,60.0,59.43518259281941,0.5648174071805911
8434,79.0,74.00785881560071,4.992141184399287
4875,49.0,51.461920869356284,-2.461920869356284
8123,35.0,37.43448058664632,-2.4344805866463233
1446,49.0,52.94183083899157,-3.941830838991571
9511,33.0,32.34868932593367,0.6513106740663304
32,58.0,56.45668553880339,1.5433144611966085
497,29.0,27.926450356074398,1.0735496439256025
9871,69.0,71.47207764429581,-2.4720776442958083
253,53.0,53.54452711941949,-0.5445271194194916
984,53.0,54.028387470246564,-1.0283874702465639
4752,68.0,69.65000517536097,-1.650005175360974
5259,23.0,21.59411342752744,1.4058865724725607
358,62.0,57.216755683991515,4.783244316008485
8480,47.0,48.992478332683525,-1.9924783326835254
3190,56.0,58.23082918960119,-2.230829189601188
4805,63.0,60.1047457255608,2.8952542744392034
1579,81.0,82.26490855063184,-1.2649085506318443
5540,53.0,54.90625438739793,-1.9062543873979294
4897,84.0,85.38575668411934,-1.3857566841193432
6814,53.0,52.4151383645405,0.5848616354594967
8710,46.0,49.80139144338367,-3.8013914433836717
4548,24.0,26.39965936480219,-2.39965936480219
9062,58.0,59.93772005839191,-1.9377200583919105
5778,47.0,48.52860381253303,-1.528603812533028
4276,29.0,32.087107748305165,-3.087107748305165
903,37.0,39.20719051125035,-2.207190511250353
2640,50.0,50.49054583824543,-0.4905458382454313
704,48.0,49.231866845308566,-1.2318668453085664
1012,88.0,86.32852850970909,1.6714714902909122
9441,91.0,91.44645229513694,-0.4464522951369361
1050,50.0,50.40500187118655,-0.40500187118654907
4250,35.0,31.186120249839327,3.813879750160673
925,79.0,80.49219862602783,-1.4921986260278288
940,54.0,53.19440047321937,0.8055995267806324
5326,20.0,15.389512730655447,4.610487269344553
6009,78.0,78.35774830893988,-0.3577483089398754
5323,61.0,61.45132992806136,-0.4513299280613623
5332,23.0,24.586719119457214,-1.5867191194572143
2968,75.0,73.81771256711735,1.1822874328826458
44,71.0,71.13801294102203,-0.13801294102202633
7004,66.0,65.20960866957506,0.7903913304249386
6285,41.0,40.37929110956426,0.6207088904357434
8854,81.0,82.60145477659958,-1.6014547765995815
186,28.0,29.348505416796947,-1.3485054167969466
4645,72.0,73.66987886343921,-1.6698788634392088
2202,48.0,49.744970260664694,-1.7449702606646937
5459,45.0,45.76637468982755,-0.7663746898275505
1436,53.0,53.74225158510979,-0.7422515851097913
5282,67.0,69.12331270090988,-2.123312700909878
6023,70.0,69.725489402519,0.2745105974809974
1379,25.0,22.232471551864627,2.767528448135373
8241,74.0,71.06709719069565,2.932902809304352
3080,59.0,54.34991091092555,4.650089089074449
8058,26.0,27.412299144218103,-1.4122991442181032
7889,44.0,42.000638011296054,1.9993619887039458
317,50.0,51.53831924388927,-1.5383192438892692
1551,79.0,78.86027240557632,0.13972759442367533
8766,49.0,48.23084081217643,0.7691591878235684
8941,37.0,41.74558685437436,-4.745586854374359
3828,45.0,45.739205210500195,-0.7392052105001952
5425,66.0,64.40422487806899,1.5957751219310126
2204,39.0,37.29212950717484,1.7078704928251582
9153,39.0,36.89668921465677,2.1033107853432327
1637,80.0,77.32851836891629,2.671481631083708
1503,74.0,78.55442497813004,-4.554424978130044
4658,34.0,30.467328221892295,3.532671778107705
4873,60.0,57.637798080518,2.362201919481997
891,28.0,31.896961499821806,-3.8969614998218063
9212,48.0,48.10808099482535,-0.10808099482535027
3100,43.0,41.93821462555163,1.0617853744483696
5142,72.0,75.8027618052082,-3.802761805208206
6300,29.0,27.99135526451274,1.008644735487259
8918,69.0,67.95774252330281,1.0422574766971877
4205,42.0,42.33208754275075,-0.3320875427507488
9273,29.0,30.664004891082463,-1.6640048910824632
530,29.0,29.828970097555114,-0.8289700975551142
4411,70.0,70.19680849075124,-0.19680849075123774
4138,77.0,76.65738786085595,0.34261213914405175
7694,65.0,64.8328454918024,0.1671545081975978
4404,84.0,80.65009206960681,3.3499079303931865
8790,34.0,33.28636445701036,0.7136355429896426
6643,35.0,34.11133951063682,0.8886604893631826
8303,18.0,14.02726588385822,3.9727341161417797
9979,20.0,21.905985065797765,-1.9059850657977648
6707,88.0,84.03108805452908,3.9689119454709214
382,80.0,78.83559781787892,1.16440218212108
9169,62.0,62.987652441553074,-0.9876524415530739
9937,54.0,52.45745090934572,1.5425490906542834
3802,68.0,71.27540097510567,-3.2754009751056685
809,41.0,44.16473933040529,-3.1647393304052898
6791,62.0,62.650586636766555,-0.6505866367665547
1176,46.0,49.02461085739872,-3.02461085739872
1404,55.0,54.785976092740746,0.21402390725925358
6544,27.0,27.73878563028495,-0.7387856302849514
7349,28.0,27.039571495522303,0.9604285044776972
5400,69.0,64.59842002456523,4.401579975434771
6645,55.0,52.73862374909461,2.2613762509053927
3055,68.0,67.428048947339,0.5719510526610065
2784,48.0,50.58405395220492,-2.5840539522049184
9872,85.0,88.96239491066765,-3.962394910667655
7195,38.0,35.00723031458963,2.992769685410373
491,16.0,17.003281415180325,-1.003281415180325
1796,71.0,70.86088899928598,0.13911100071402416
7876,32.0,38.36915461621029,-6.369154616210288
4825,41.0,42.536862007966654,-1.5368620079666542
5869,38.0,32.63391106369546,5.366088936304543
5300,31.0,30.377735356820516,0.6222646431794843
6760,65.0,62.33872836743226,2.6612716325677397
128,71.0,71.70440751853269,-0.7044075185326903
9173,32.0,31.141854400021522,0.858145599978478
2547,77.0,76.42048087092485,0.5795191290751518
3619,77.0,76.94613891781182,0.053861082188177534
2845,51.0,49.92205566773445,1.0779443322655524
9086,67.0,67.32291371815967,-0.3229137181596684
9803,60.0,59.667126537362684,0.3328734626373162
4372,77.0,78.68919784039457,-1.68919784039457
8574,24.0,22.300905779497043,1.6990942205029569
5150,83.0,83.50687710277191,-0.5068771027719094
5487,28.0,26.437394793913192,1.5626052060868076
8466,52.0,50.90753933675904,1.0924606632409635
978,26.0,27.395708983610433,-1.395708983610433
4083,49.0,45.60691387092958,3.3930861290704186
6165,75.0,77.59767816375174,-2.5976781637517377
4578,45.0,45.41428609975231,-0.4142860997523101
2499,80.0,82.73374611617018,-2.733746116170181
9423,40.0,39.95824871303777,0.041751286962231404
9607,48.0,46.55516832072595,1.4448316792740528
3752,64.0,63.136533941731365,0.8634660582686351
8437,19.0,24.83263805278905,-5.832638052789051
2795,46.0,48.70620879842158,-2.706208798421578
4884,48.0,48.11409183671335,-0.11409183671334944
970,48.0,45.52541880188357,2.4745811981164323
4818,44.0,43.10025548396464,0.8997445160353621
6905,81.0,78.35121788823307,2.648782111766934
1778,72.0,72.09031628883125,-0.09031628883124654
7171,39.0,43.13094091355001,-4.130940913550013
1825,46.0,48.18304564316458,-2.183045643164583
4431,74.0,75.9269687176891,-1.9269687176891068
3646,61.0,59.639957058035314,1.3600429419646858
5520,93.0,91.53042888687688,1.4695711131231235
391,70.0,71.46854832510172,-1.4685483251017217
506,25.0,25.63305879890727,-0.6330587989072711
791,45.0,45.02693023432395,-0.02693023432394881
298,35.0,36.97870386252159,-1.9787038625215914
5295,27.0,25.506250083543307,1.493749916456693
325,51.0,51.02023941420925,-0.02023941420925013
5272,61.0,61.0368179522417,-0.03681795224169804
3639,25.0,28.418408502927207,-3.418408502927207
9866,89.0,89.73564617745853,-0.7356461774585341
5028,57.0,53.63098523385336,3.369014766146641
3205,60.0,55.731229441024404,4.268770558975596
3581,26.0,24.21243746437849,1.787562535621511
3641,42.0,40.837549356382915,1.1624506436170847
9645,42.0,40.54879829942704,1.451201700572959
8277,79.0,78.05083971605737,0.9491602839426321
1949,57.0,56.13921099613727,0.8607890038627275
1208,81.0,81.65371990562201,-0.6537199056220118
2260,46.0,47.21415213474764,-1.2141521347476427
9032,45.0,41.23900049078899,3.760999509211011
8601,74.0,74.53611866537074,-0.5361186653707364
5906,24.0,25.08925658502971,-1.089256585029709
1849,66.0,63.57924982444252,2.4207501755574796
2690,48.0,48.23084081217643,-0.2308408121764316
6602,34.0,31.876322441201246,2.1236775587987538
8785,57.0,58.496459665242575,-1.4964596652425755
267,52.0,55.74585765775695,-3.7458576577569502
9819,28.0,31.200228887753077,-3.2002288877530773
3713,44.0,43.95748334249544,0.042516657504556576
9406,59.0,57.83852364772104,1.1614763522789602
5462,73.0,72.74930010285297,0.25069989714702956
7467,43.0,42.91872188025234,0.0812781197476582
367,30.0,29.101032477082192,0.8989675229178076
2108,65.0,65.6316988626017,-0.631698862601695
9833,52.0,52.987144485309535,-0.9871444853095355
2660,64.0,63.28293391921574,0.7170660807842566
8730,89.0,87.91109218582974,1.0889078141702555
5161,79.0,78.48599075049762,0.5140092495023794
9232,43.0,42.19078425977941,0.8092157402205871
3285,38.0,38.46371052666991,-0.46371052666990664
1586,61.0,58.2907710526517,2.7092289473483007
2889,60.0,59.80033202430827,0.19966797569173167
2969,53.0,49.29024133304011,3.7097586669598925
5258,68.0,65.89079891753627,2.109201082463727
6189,35.0,35.94347171947255,-0.9434717194725479
5615,44.0,47.795703146672246,-3.7957031466722455
5071,52.0,51.15004923108595,0.8499507689140486
6036,75.0,76.56792864490936,-1.5679286449093581
2851,41.0,40.44524381450275,0.5547561854972471
7804,43.0,39.13222586291115,3.867774137088851
1932,66.0,63.96764011743499,2.032359882565011
1193,54.0,52.45392159015163,1.54607840984837
5507,53.0,56.80629260618472,-3.8062926061847193
1953,49.0,48.25147987079699,0.7485201292030084
2144,42.0,42.17419409917175,-0.17419409917174988
4597,78.0,81.41121001129511,-3.411210011295111
6266,53.0,53.59075491311241,-0.5907549131124128
3723,72.0,71.68886515442517,0.31113484557482707
7051,63.0,66.05927167983495,-3.05927167983495
396,82.0,82.02539975781767,-0.02539975781766657
3584,51.0,53.299535702398664,-2.2995357023986642
7533,69.0,67.76106585411264,1.238934145887356
129,43.0,45.875545448083706,-2.875545448083706
6236,37.0,32.698296393315,4.3017036066850025
4661,42.0,41.51521028515004,0.4847897148499598
7993,22.0,24.33414948522943,-2.3341494852294318
1441,44.0,40.258613516277414,3.741386483722586
6592,57.0,57.78667958069628,-0.7866795806962799
865,75.0,77.60015968644566,-2.6001596864456644
8738,58.0,59.385820048488604,-1.385820048488604
3858,39.0,39.00150189865949,-0.0015018986594910189
9318,42.0,41.05133576499954,0.9486642350004573
820,75.0,75.8883057722671,-0.8883057722671026
2772,63.0,63.770963448244835,-0.7709634482448351
7582,57.0,58.25146824822175,-1.251468248221748
714,74.0,73.85349469121576,0.14650530878424206
4303,30.0,28.295648685576126,1.7043513144238744
5968,44.0,42.31146185306624,1.6885381469337588
6851,29.0,29.093454259875237,-0.09345425987523726
7604,71.0,70.25623077498295,0.7437692250170471
8840,37.0,38.6297017662747,-1.6297017662746995
5407,45.0,45.05814861166417,-0.058148611664172734
5458,60.0,62.56817742034557,-2.5681774203455703
1692,67.0,67.88930829567039,-0.8893082956703893
8240,50.0,48.97536859325704,1.0246314067429623
1480,70.0,65.43750371610545,4.562496283894546
8211,60.0,60.40655762393025,-0.4065576239302473
9133,91.0,91.1627979326941,-0.16279793269410447
5033,49.0,48.448156539987146,0.5518434600128543
4215,76.0,78.95730983872988,-2.957309838729884
4147,30.0,28.864125487151085,1.1358745128489147
7756,94.0,93.14276384520798,0.8572361547920195
4776,55.0,53.06615803166162,1.9338419683383776
452,55.0,55.18246418175897,-0.1824641817589665
6697,71.0,71.27187165591158,-0.2718716559115819
8053,35.0,37.73224358700292,-2.7322435870029196
6429,56.0,53.774903688643796,2.2250963113562037
9805,49.0,51.082143221134864,-2.0821432211348636
4735,43.0,42.81908264421573,0.18091735578426693
9231,82.0,82.5601900282945,-0.5601900282944996
3171,39.0,41.259639549409535,-2.2596395494095347
5491,26.0,28.013428049327068,-2.013428049327068
7160,69.0,67.75701695609976,1.2429830439002387
994,48.0,52.16765205588971,-4.167652055889711
6375,60.0,58.03115141889831,1.968848581101689
6855,55.0,58.77463140347876,-3.7746314034787574
7807,40.0,37.48632465367108,2.5136753463289168
7764,53.0,49.68411425023921,3.3158857497607883
4539,79.0,80.00116799548601,-1.0011679954860142
7776,29.0,28.49232535476628,0.5076746452337204
2972,77.0,76.82951022253786,0.17048977746213723
5261,58.0,56.325827925426545,1.6741720745734554
8030,65.0,62.3840420137502,2.6159579862498035
7306,67.0,70.53988513742578,-3.5398851374257845
101,61.0,57.261021533809306,3.7389784661906944
3488,57.0,58.592063372202354,-1.5920633722023538
135,84.0,86.98242899815378,-2.982428998153779
3945,26.0,24.970026086872693,1.0299739131273071
1256,82.0,81.6989132717508,0.3010867282492029
7266,35.0,34.63450266589384,0.36549733410615914
6099,47.0,46.21966989125837,0.7803301087416301
2168,37.0,36.69348212475982,0.30651787524018204
3474,64.0,66.73236413177042,-2.7323641317704244
9323,30.0,29.240902033859754,0.7590979661402457
2952,62.0,64.14917372114726,-2.149173721147264
1732,74.0,72.6843951944146,1.3156048055853944
3655,89.0,90.22002610710439,-1.2200261071043883
6822,45.0,46.96563139853274,-1.965631398532743
618,42.0,40.34715858484905,1.6528414151509523
2980,74.0,72.08221849280548,1.917781507194519
8124,59.0,57.22576762739224,1.774232372607763
5174,56.0,51.536872148759464,4.463127851240536
1717,48.0,48.66194294860379,-0.6619429486037873
1896,40.0,40.75762166265584,-0.7576216626558434
8020,53.0,52.76474543192182,0.235254568078183
3120,72.0,74.95964258459114,-2.959642584591137
5446,56.0,59.10516678755848,-3.105166787558481
3223,36.0,36.59644469160626,-0.5964446916062585
2583,75.0,74.14524684968436,0.8547531503156449
611,60.0,57.41891497738832,2.5810850226116813
8444,78.0,78.40959237596459,-0.40959237596459275
8414,38.0,39.024622479973964,-1.0246224799739636
2736,58.0,61.00220390483256,-3.0022039048325624
8859,73.0,74.27753818925495,-1.2775381892549547
299,41.0,39.03115290068077,1.9688470993192269
2366,45.0,48.86515003850075,-3.865150038500751
12,27.0,27.316695437258332,-0.31669543725833194
30,39.0,40.84812867510259,-1.8481286751025934
8628,46.0,45.318162813973736,0.6818371860262644
9634,56.0,54.837820159765506,1.1621798402344936
5849,32.0,33.97551885187213,-1.9755188518721312
1697,30.0,32.4176431323849,-2.417643132384903
2524,53.0,49.47385716081666,3.5261428391833434
1535,43.0,45.846942242562584,-2.8469422425625837
523,57.0,58.860175370537654,-1.8601753705376538
2926,83.0,83.91838797707888,-0.9183879770788792
7737,56.0,61.34123165349421,-5.341231653494212
5881,82.0,78.43414668347285,3.5658533165271535
8861,15.0,18.083307625728494,-3.0833076257284944
4345,57.0,58.44213407552392,-1.4421340755239171
954,38.0,35.68240972066287,2.317590279337132
2327,35.0,32.514680565538434,2.485319434461566
6450,30.0,27.315261711064558,2.684738288935442
9180,67.0,71.41265536006412,-4.412655360064122
1499,67.0,67.67304036435982,-0.6730403643598208
3,36.0,36.23770540063506,-0.23770540063505763
1184,40.0,38.65189483127815,1.348105168721851
2932,62.0,60.4774733742566,1.522526625743403
1658,52.0,49.37930125035704,2.620698749642962
8798,70.0,67.88930829567039,2.1106917043296107
5401,56.0,56.56430229067663,-0.5643022906766291
935,76.0,75.57383233111369,0.42616766888630764
6767,60.0,64.42238241399562,-4.422382413995621
5181,61.0,61.30649732589594,-0.3064973258959398
5467,87.0,85.35207015302123,1.6479298469787693
6432,84.0,85.88281152548521,-1.8828115254852094
340,51.0,47.78159450875851,3.218405491241491
4002,55.0,54.7744826266461,0.22551737335390243
433,23.0,26.6612409424307,-3.6612409424307018
9412,66.0,67.5598207080908,-1.5598207080907969
1897,35.0,35.45451467413246,-0.4545146741324615
6772,32.0,31.943708872333524,0.05629112766647637
2776,69.0,71.15264115775457,-2.152641157754573
7403,67.0,67.38886642309816,-0.38886642309816466
6431,29.0,24.27982389551076,4.720176104489241
1399,23.0,19.17496095149651,3.8250390485034913
8928,44.0,41.50711248912429,2.492887510875711
939,88.0,86.691196418504,1.3088035814959937
3232,75.0,75.13319867246682,-0.13319867246681838
2058,78.0,78.18169732943423,-0.181697329434229
7039,39.0,38.04815075435008,0.9518492456499175
845,50.0,48.305805460515664,1.6941945394843358
1425,74.0,75.61666445473773,-1.6166644547377302
7825,89.0,88.21133670888025,0.7886632911197466
5389,75.0,71.41918578077093,3.580814219229069
9846,79.0,78.4161227966714,0.5838772033285977
7844,74.0,77.02265757253394,-3.0226575725339444
4037,31.0,31.798356691349305,-0.798356691349305
1418,50.0,50.2832898503356,-0.28328985033559917
9371,62.0,62.38652353644412,-0.3865235364441233
540,41.0,38.52456653709539,2.4754334629046113
7357,70.0,67.41250658323148,2.587493416768524
9647,56.0,57.04868222032248,-1.0486822203224833
6571,74.0,71.3905825752498,2.6094174247502053
8495,83.0,81.48917576114704,1.5108242388529618
1226,29.0,29.906416268588266,-0.9064162685882664
908,82.0,80.30153279872567,1.698467201274326
7003,59.0,61.10329023599899,-2.1032902359989905
1833,67.0,64.31869427994613,2.681305720053871
4886,46.0,45.8312795982659,0.16872040173409886
7443,34.0,36.01895594663058,-2.0189559466305766
2373,67.0,63.163703421058734,3.8362965789412655
2801,66.0,67.06289951585015,-1.0628995158501482
3932,47.0,48.11565921203232,-1.1156592120323197
9290,35.0,36.37104453670583,-1.3710445367058313
8094,73.0,69.2360127783601,3.763987221639894
5916,44.0,44.568671987505276,-0.5686719875052759
9258,80.0,78.62481251077503,1.3751874892249702
2378,68.0,62.124941958815604,5.875058041184396
5547,79.0,80.37140075255186,-1.3714007525518639
1396,43.0,44.52845503570038,-1.5284550357003823
381,78.0,78.65053489497257,-0.6505348949725658
4221,69.0,70.40106337714838,-1.4010633771483754
7418,29.0,32.05092632557709,-3.0509263255770875
7945,89.0,89.42470205549921,-0.4247020554992105
1289,18.0,18.536602827159314,-0.5366028271593137
1553,40.0,38.39880561823157,1.6011943817684298
3792,55.0,53.812119538935995,1.1878804610640046
9222,34.0,35.028388952029,-1.0283889520289975
4238,63.0,60.828647816956895,2.171352183043105
1740,50.0,48.260491814197714,1.7395081858022863
8254,29.0,29.09698357906931,-0.09698357906930966
1852,48.0,44.90521821347301,3.094781786526987
6786,80.0,79.56353543835186,0.43646456164813685
3544,66.0,67.44110978875258,-1.441109788752584
558,32.0,31.953768612234406,0.046231387765594434
7394,56.0,55.33787610264408,0.6621238973559187
3124,66.0,69.49602698066965,-3.4960269806696544
7528,62.0,59.80791024151522,2.1920897584847765
4794,77.0,78.14944452452988,-1.1494445245298834
4670,61.0,64.84185743520314,-3.8418574352031385
6373,40.0,40.354603152930814,-0.3546031529308138
5205,54.0,50.43517245202663,3.5648275479733726
5496,61.0,64.16733125707393,-3.1673312570739256
8229,48.0,52.07154213904716,-4.0715421390471604
6633,54.0,57.804823747686875,-3.804823747686875
6881,56.0,55.723651223817434,0.2763487761825658
7505,38.0,35.25731842612351,2.7426815738764887
8929,49.0,50.337615440054286,-1.337615440054286
6020,63.0,65.23429662620848,-2.234296626208476
6673,57.0,56.76750938057359,0.23249061942640736
6660,60.0,61.72349082440953,-1.7234908244095308
8649,42.0,38.711183466384675,3.288816533615325
6488,74.0,76.21322488301499,-2.2132248830149877
6301,72.0,78.68423479500672,-6.6842347950067165
4798,59.0,59.367796161687146,-0.3677961616871457
88,58.0,55.834917575073895,2.165082424926105
2383,26.0,24.141002135233336,1.858997864766664
2015,74.0,71.08668845281608,2.9133115471839233
9016,44.0,45.7326747897934,-1.7326747897933998
9524,41.0,37.7362924850158,3.2637075149841976
2439,19.0,19.772040958592584,-0.7720409585925836
9664,75.0,75.35208177559647,-0.35208177559647424
5232,27.0,26.64465078182303,0.3553492181769684
2554,73.0,70.83268509239451,2.167314907605487
3237,91.0,87.22193779096798,3.778062209032015
5409,46.0,45.144606726098054,0.8553932739019459
776,68.0,68.4602799888753,-0.46027998887529975
1250,52.0,51.71540465095904,0.28459534904096273
6513,29.0,27.90986019546672,1.0901398045332797
3854,35.0,36.46062403284157,-1.4606240328415723
4916,45.0,46.67439881888297,-1.6743988188829704
7151,71.0,70.26824381989641,0.7317561801035879
9983,79.0,81.3956676471876,-2.3956676471875937
6055,37.0,35.056592858920474,1.9434071410795255
6357,43.0,39.41797581835427,3.5820241816457283
8011,66.0,66.3917690077898,-0.3917690077898044
8650,37.0,35.3493928138892,1.650607186110797
34,60.0,59.30184345674865,0.6981565432513506
7438,20.0,20.291168584772755,-0.2911685847727554
2407,64.0,62.784445351656125,1.2155546483438755
2832,69.0,69.79888667553925,-0.7988866755392507
1385,42.0,42.41763150980966,-0.41763150980965946
1515,37.0,35.75475919718297,1.2452408028170296
3371,60.0,59.847213045945175,0.15278695405482523
1672,52.0,53.87049402666754,-1.8704940266675365
6843,18.0,19.339384815782317,-1.3393848157823172
1113,45.0,45.591371506822064,-0.591371506822064
6343,49.0,50.065974122524885,-1.065974122524885
2641,18.0,18.57526577258131,-0.5752657725813108
2615,72.0,69.43673834556313,2.5632616544368716
2120,71.0,71.83069665507787,-0.8306966550778725
168,33.0,34.2512090674144,-1.2512090674144005
8316,50.0,49.88432023862345,0.11567976137654767
2896,54.0,52.79346891763209,1.2065310823679098
5294,68.0,70.46896938709943,-2.4689693870994347
7957,48.0,49.31243439804357,-1.312434398043571
8252,74.0,72.06915765139189,1.9308423486081097
6075,55.0,59.20573353990611,-4.205733539906113
9870,66.0,67.20773211801554,-1.2077321180155423
6388,33.0,34.1721955210623,-1.1721955210622994
3740,77.0,74.18298227879532,2.817017721204678
2745,33.0,30.922057149516895,2.0779428504831046
1654,62.0,62.31260668460505,-0.3126066846050506
9951,34.0,32.4241735530917,1.5758264469083016
6178,25.0,25.071099049103083,-0.07109904910308273
8976,43.0,40.88691190071372,2.11308809928628
738,17.0,15.85077207898685,1.14922792101315
345,67.0,69.01974484704954,-2.0197448470495374
3201,29.0,29.240902033859754,-0.24090203385975428
8773,82.0,81.206955124898,0.7930448751019981
8985,68.0,72.68191367172068,-4.681913671720679
4559,76.0,76.24444326035524,-0.24444326035524
3208,46.0,44.91279643067997,1.0872035693200317
4506,26.0,27.236248164712464,-1.236248164712464
8027,89.0,87.18563608805073,1.8143639119492718
5627,79.0,78.75815164684579,0.24184835315421083
2372,67.0,68.75006547339527,-1.7500654733952672
3688,85.0,84.65533754095253,0.34466245904746984
2755,65.0,62.58371978445309,2.4162802155469123
3833,23.0,22.716851481510496,0.2831485184895044
7486,21.0,19.889717450366682,1.1102825496333182
9815,87.0,87.09264755291008,-0.09264755291007987
4294,72.0,70.13843400301971,1.8615659969802891
4459,38.0,41.06296288021937,-3.0629628802193665
8913,41.0,41.110758049231244,-0.11075804923124366
1677,55.0,56.19248878935577,-1.192488789355771
2111,68.0,66.48279559905538,1.517204400944621
2154,65.0,61.305449529395794,3.694550470604206
5029,46.0,49.81040338678438,-3.8104033867843796
6990,74.0,75.71318230907247,-1.7131823090724652
8306,96.0,95.72634018552472,0.2736598144752804
4020,40.0,40.74456082124224,-0.7445608212422385
5535,45.0,46.67191729618906,-1.6719172961890578
2123,51.0,52.80248086103281,-1.8024808610328122
5838,69.0,69.02718941513129,-0.027189415131289252
4206,39.0,43.486164254263194,-4.486164254263194
328,22.0,23.58309128344203,-1.5830912834420303
4774,53.0,52.987144485309535,0.012855514690464531
3352,47.0,50.424593133306935,-3.424593133306935
3535,60.0,59.845645670626205,0.15435432937379545
1040,49.0,47.448577601984844,1.5514223980151556
467,71.0,68.85768222526849,2.1423177747315094
4675,71.0,68.9573214613051,2.0426785386949007
9015,64.0,65.69007335033322,-1.690073350333222
2816,61.0,59.40645910710915,1.59354089289085
5864,31.0,33.218978025878094,-2.2189780258780942
9932,74.0,73.2502701931065,0.7497298068934981
4477,40.0,39.86774170059102,0.13225829940898137
263,54.0,49.6680523073129,4.331947692687102
2139,50.0,43.011710415393004,6.988289584606996
8570,74.0,73.12450927424268,0.8754907257573166
7662,80.0,82.12908789186716,-2.129087891867158
7700,55.0,51.64553669713285,3.3544633028671527
1244,31.0,30.866164184479267,0.1338358155207331
5670,45.0,45.87907476727778,-0.8790747672777783
4055,28.0,28.947054282390873,-0.947054282390873
9842,62.0,60.697790203580034,1.302209796419966
9034,28.0,31.599198499465224,-3.599198499465224
2334,74.0,75.10852408476944,-1.1085240847694422
8323,53.0,52.17574985191546,0.8242501480845377
374,44.0,42.53033158725986,1.4696684127401412
7514,39.0,38.6297017662747,0.37029823372530046
1509,72.0,71.22002758888684,0.7799724111131638
677,86.0,82.86303635422806,3.1369636457719423
2007,68.0,69.11025185949629,-1.1102518594962874
5901,87.0,87.77227042555234,-0.7722704255523354
3210,79.0,78.9819977953633,0.018002204636701435
9031,34.0,36.21811413851466,-2.2181141385146574
4540,45.0,41.08503566503371,3.9149643349662924
5056,57.0,59.519678763378174,-2.519678763378174
7093,37.0,35.6018287989918,1.3981712010082035
2101,54.0,52.29850966926653,1.7014903307334706
5609,30.0,31.49799188810966,-1.4979918881096594
4842,67.0,66.98793486751092,0.012065132489084363
6082,82.0,87.69077535650632,-5.690775356506322
2549,39.0,38.22027311603198,0.7797268839680171
1885,63.0,64.73580805864884,-1.7358080586488427
7509,57.0,60.24056638432548,-3.240566384325483
6146,39.0,37.15983816760423,1.840161832395772
1340,53.0,52.11685578536511,0.8831442146348891
8427,80.0,82.21058296091317,-2.2105829609131717
7692,24.0,25.05960558300844,-1.059605583008441
694,63.0,62.05350662967047,0.9464933703295273
3668,65.0,70.85735968009189,-5.857359680091889
3137,93.0,91.08378438634202,1.9162156136579824
1362,60.0,60.61133208914618,-0.6113320891461811
1982,45.0,46.69751940019744,-1.697519400197443
9948,74.0,73.79459198580287,0.20540801419713262
364,26.0,25.547514831848368,0.4524851681516324
8322,59.0,57.12873019423869,1.8712698057613082
8140,67.0,67.99247685090106,-0.9924768509010562
2825,64.0,65.10343901283164,-1.1034390128316431
3612,35.0,34.32617371575362,0.6738262842463811
1775,39.0,40.45830465591634,-1.4583046559163435
2487,48.0,44.03088061551572,3.96911938448428
8056,41.0,36.91131743138933,4.088682568610672
7114,71.0,71.68729777910622,-0.6872977791062169
8775,70.0,70.4700171835996,-0.47001718359959455
5262,91.0,92.5264785056851,-1.5264785056851053
6069,72.0,75.2136459450127,-3.2136459450127006
7698,54.0,53.67224998215841,0.32775001784158775
8809,40.0,38.489832209497116,1.5101677905028836
3298,45.0,43.62198491302788,1.3780150869721197
5331,38.0,39.128176964898266,-1.128176964898266
2637,99.0,97.8165246527949,1.1834753472051034
6376,44.0,41.66109068381561,2.3389093161843917
3271,48.0,48.519591869132306,-0.5195918691323058
9685,59.0,56.49834958573813,2.501650414261867
6329,75.0,74.17240296007566,0.827597039924342
9881,52.0,53.945978253825565,-1.9459782538255652
5725,45.0,46.45656351225346,-1.4565635122534601
4,66.0,67.38781862659803,-1.3878186265980332
6968,45.0,44.22559534083076,0.7744046591692424
8714,55.0,52.792949338813294,2.207050661186706
3494,27.0,28.631147115043703,-1.631147115043703
9550,76.0,75.34803287758362,0.6519671224163801
6387,27.0,29.02711562524312,-2.0271156252431197
2423,24.0,28.625664490837046,-4.625664490837046
9745,84.0,84.19303039612097,-0.1930303961209745
4072,27.0,28.65686949924124,-1.656869499241239
8018,65.0,65.64880860202817,-0.6488086020281685
6463,39.0,41.70940543164628,-2.7094054316462817
2883,41.0,41.934685306357544,-0.9346853063575438
7895,39.0,39.50755531449001,-0.5075553144900127
620,62.0,62.25318440037335,-0.25318440037334966
